:1000000018380020D1290000CD290000CD2900009A
:1000100000000000000000000000000000000000E0
:10002000000000000000000000000000CD290000DA
:100030000000000000000000CD290000CD290000D4
:10004000CD290000CD290000E10C0000790400005A
:10005000CD290000CD290000CD290000CD290000C8
:100060006D1100007D1100008D1100009D11000038
:10007000AD110000BD110000CD290000CD29000008
:10008000CD2900008925000099250000A925000040
:10009000B9250000C9250000CD290000CD290000A8
:1000A000CD290000CD290000CD290000CD29000078
:1000B0000000000010B5064C2378002B07D1054B3B
:1000C000002B02D0044800E000BF0123237010BDC4
:1000D000E001002000000000A8080100084B10B556
:1000E000002B03D00749084800E000BF0748036819
:1000F000002B00D110BD064B002BFBD09847F9E731
:1001000000000000E4010020A8080100A808010088
:100110000000000070B50020084B98470500084C0F
:10012000FA218900A047074B186007492800A0471B
:10013000064B18600522064B1A6070BDB9220000FC
:100140003DBD00000000002040420F0004000020E0
:1001500010E000E030B5084B1C68084A00258021FB
:100160004902013807D3002CFBD054609560136816
:100170000B42FCD0F5E730BD0400002010E000E0A9
:1001800030B5084B1C68084A002580214902013817
:1001900007D3002CFBD05460956013680B42FCD051
:1001A000F5E730BD0000002010E000E00C4B1B68BC
:1001B000002B06D1EFF31083002B07D00022094B50
:1001C0001A70074A136801331360704772B6BFF3A1
:1001D0005F8F0022044B1A700132024B1A70F0E755
:1001E000FC0100200002002008000020084B1A68D3
:1001F000013A1A601B68002B09D1064B1B78002BB3
:1002000005D00122044B1A70BFF35F8F62B67047AE
:10021000FC0100200002002008000020F0B5C646C6
:1002200000B582B001AC0125657000239846A3702B
:10023000257021001320124EB047124F80231B035C
:100240007B61257021001220B0478023DB027B6197
:10025000257021000D20B04780239B017B61257014
:1002600021000920B04780239B007B614346237017
:10027000657021001C20B04702B004BC9046F0BD60
:10028000D5090000002800400123037000234370BB
:100290008370C37003710F2242718371C371037243
:1002A00070470268136802210B43136070470323F1
:1002B000026853710268D3710268136802218B438C
:1002C0001360704770B504000D00D378037121608E
:1002D000537843711379837113789B029178C90223
:1002E0000B43517809020B43D17889000B431179F4
:1002F00049010B4391798903D07940030143107A76
:100300000003014352791204F020000302400A4323
:1003100013431E002B689B0701D42E6070BD200084
:10032000034B98472E602000024B9847F6E7C046E3
:10033000AF020000A302000070B5054CE569802300
:100340009B012B43E36101230B60024B984770BD77
:1003500000040040C502000070B54379012B05D0B0
:10036000002B10D0022B0DD1082500E0062500231C
:1003700010C99A1C92000668B44662445460013366
:10038000AB42F5D370BD0425F1E7000010B50023A2
:10039000026813720F4B426813400F4A93420AD00F
:1003A0000379032B0ED00C001034036804C99A6340
:1003B0008C42FAD110BD03680A689A6303684A68E0
:1003C0009A63F7E78379023B012BECD803680A684C
:1003D0009A63EFE7FF00FF000300010000230268BB
:1003E0001372104B426813400F4A93420AD00379AC
:1003F000032B0ED00A00103203689B6B08C18A429F
:10040000FAD1704703689B6B0B6003689B6B4B6072
:10041000F7E78379023B012BECD803689B6B0B60F9
:10042000EFE7C046FF00FF00030001001723002A8A
:1004300001D0180070478B00064A9B58002B03D050
:10044000834205D01D23F4E7890088500023F0E79C
:100450000023EEE7A80700201723002901D0180089
:10046000704700221F2800D8024A012383401361ED
:100470000023F4E70024004070B50022104B1A70EE
:10048000002310491F25104E0D4C0AE00D4908E0CD
:1004900023780133DBB223700F2B10D800211F2BE0
:1004A000F4D9280018400122824048691042EFD058
:1004B0004A619B009B59002BEAD09847E8E770BD42
:1004C000A407002000240040A8070020064A137853
:1004D00002210B431370012053681942FCD1536869
:1004E0001842F9D17047C04600240040064A1378EC
:1004F00002218B431370012053681942FCD15368C9
:100500001842F9D17047C0460024004010B5124A85
:10051000516980239B000B435361104A13780121DA
:100520000B4313700131012053681942FCD1536809
:100530001842F9D1094A137810210B431370084B64
:1005400019004031002204C38B42FCD10822054B24
:100550001A60054B984710BD00040040002400407D
:10056000A807002000E100E0CD04000000230360A4
:1005700043600122027283720132C2724372704779
:10058000F0B583B005000C001C4B984701A900236F
:100590004B70CB7023790B70237A8B702078184BBB
:1005A000984700211F2D00D8164907222A409200A3
:1005B000E77AA37A002B01D008231F43EB089B00A6
:1005C000CB18D8690F269640B04397403A000243B3
:1005D000DA61637A002B0BD18A690123AB40DB43DC
:1005E0001B041B0C13408B61074B984703B0F0BDF5
:1005F0008A690123AB4013438B61F5E7ED040000EA
:100600009124000000240040CD04000010B51E4AD3
:10061000936904210B4393611C4B2022FF321A8300
:100620001A7D0523D20701D4180010BD03781B02E0
:10063000C022920013404178C901FF220A401343AF
:10064000817849001E220A401343C2789204802117
:10065000C9020A40134302791204C02189020A40E8
:1006600013430A4A536093685B035B0F08490824ED
:100670009C400C8093684B8043780B71138BDB0597
:10068000DB0F1B01D0E7C0460004004000400041E2
:100690000402002030B5304A1488538863438B42EB
:1006A0000BD2802292012D4BCB18934205D92C4CB2
:1006B00018232C4A8A18A2420ED82B4B5C68802241
:1006C000D20222435A602022FF321A831B7DDB07AD
:1006D00004D4254B5C600523180030BD452829D87B
:1006E0008300224AD3589F461F4B1B8BDB0503D543
:1006F0001D4B5C601023EFE7890849001A4BD96154
:1007000003E089084900184BD961FD2305001A3D13
:100710001D4013D0A5231B021843134B188019004A
:1007200001220B7D1342FCD0002D0FD00E4B5C60DC
:100730000023D1E70C4B5C601723CDE70A4B5968C7
:100740008022D2020A435A605B68E3E7064A536894
:1007500007490B405360E9E70402002000C07FFF17
:10076000FF1F00000000C0FF00400041BCF9000076
:10077000FFFFFBFFF8B52F4B1C885B886343834268
:1007800007D22D4E18252D4BC318B34206D801268B
:1007900000E00026631E1825184201D02800F8BD8D
:1007A000013D9442FAD3264B1B7D123DDB07F5D564
:1007B000244C234B1C801D0001242B7D2342FCD0A4
:1007C0002024FF341E4B1C83002A2CD0012305005B
:1007D0009D430023541EA44609E0CF187F783F02B2
:1007E0003C432C8002339BB202359A4204D9CC5C44
:1007F0006345F2DBA4B2F4E70E4B1B790025002B16
:10080000CCD13F2ACAD8002E06D1002201000420F4
:100810000D4B98470500C1E7002201001C200A4B40
:1008200098470500BAE7034B1B790025002BEAD057
:10083000B4E7C04604020020FF1F00000000C0FF14
:100840000040004144A5FFFF9506000070B51B4B1A
:100850001C885B886343834205D2194E1825194BC7
:10086000C318B34203D8631E1825184201D02800CC
:1008700070BD013D9442FAD3134B1B7D123DDB0743
:10088000F5D52024FF34104B1C83002A14D00123FB
:1008900098430023561E04E002339BB202309A4272
:1008A00008D90488A4B2CC54B342F5DACD18240A8E
:1008B0006C70F1E70025DAE70025D8E70402002094
:1008C000FF1F00000000C0FF0040004110B5224A99
:1008D000138852885A43824207D2204C182220495A
:1008E0004118A14207D8012400E000249B00013BED
:1008F0001822184201D0100010BD1A4B1B7D133A6C
:10090000DB07F8D5174B2022FF321A8380084000FE
:10091000D861002C1BD059688022D2020A435A6049
:100920005A68114A1A800F4901220B7D1342FCD0EC
:10093000002C04D00B4A53680C490B405360094B00
:100940001A8B1C200240501E82419200D3E7084AB5
:10095000044B1A80E7E7C04604020020FF1F000096
:100960000000C0FF004000411AA5FFFFFFFFFBFF92
:1009700002A5FFFF154B2022FF321A839B68590303
:10098000490F183AFF3A8A40027043801B0D838159
:100990000F4B1B885B065B0F072B10D00622D21A69
:1009A0000423934043600A4B1B8807221340072B04
:1009B00008D00722D21A0423934083607047002393
:1009C0004360F0E700238360F8E7C0460040004141
:1009D0000040800000B583B001AB80221A700A7815
:1009E0005A704A789A708A78DA701900014B9847E1
:1009F00003B000BD9124000003681869431E9841AC
:100A0000C0B2704770B5040006680422084B1A6033
:100A1000084D2000A8470028FBD133880222134349
:100A20003380044D2000A8470028FBD170BDC0468C
:100A300000E100E0F909000070B504000668042137
:100A400080230A4AD1500A4D2000A8470028FBD134
:100A5000084B3381B3813388022293433380044DA2
:100A60002000A8470028FBD170BDC04600E100E08F
:100A7000F9090000FF81FFFF70B5040006680A4B0A
:100A800098470023A386E386084D2000A847002846
:100A9000FBD13388012213433380044D2000A84743
:100AA0000028FBD170BDC046390A0000F9090000DA
:100AB000F8B504000E0007680C4D2000A847002878
:100AC000FBD12379002B09D01720012B05D1BE6162
:100AD000064D2000A8470028FBD1F8BD044B172085
:100AE0009E42FAD8B6B23E83F2E7C046F90900004A
:100AF000FFFF000070B504000668084D2000A847FD
:100B00000028FBD12379002B04D00020012B00D139
:100B1000B06970BD308B80B2FBE7C046F9090000B8
:100B2000F0B583B00400019115000668134F200052
:100B3000B8470028FBD12379002B0ED0012B19D107
:100B40001730012D17D80835AD00019BAB510B4D67
:100B50002000A8470028FBD10DE01720022D0AD85D
:100B6000074B019A9A4206D86B469B8810356D0058
:100B7000AB53ECE71A2003B0F0BDC046F909000002
:100B8000FFFF000070B50400150001601F4A5169A5
:100B900080235B000B43536105221D4B1A611D4BE3
:100BA0009847AB7823711C4B1C6022682B79DB03C0
:100BB00029880B439BB21380AB78002B13D01720EE
:100BC000012B0FD113889BB21380EB78002B03D03D
:100BD000138880210B431380A968002220000F4B4B
:100BE0009847002070BD138804210B431380EB78D5
:100BF0001720002BF6D10022A9682000074EB0472D
:100C0000E96801222000B0470020EBE70004004023
:100C100000100040790A0000E8070020210B0000C6
:100C20000A2A09D0072A07D90379002B10D0012BF3
:100C300012D11633092A09D8931C9B001950838EB0
:100C4000012191400B439BB283860023180070471B
:100C500017230A2AFAD8EFE71723F7E710B5026837
:100C60000A2911D0072912D980235B000C00083C07
:100C7000A340C024A40023405381C38E01228A4094
:100C800013439BB2C38610BD044B5381F5E7012487
:100C90008C40FF2323405381EFE7C0460080FFFFD5
:100CA00010B502680A2910D0072911D980235B00EA
:100CB0000C00083CA340C024A40023401381C38E31
:100CC00001228A409343C38610BD044B1381F6E78B
:100CD00001248C40FF2323401381F0E70080FFFFB5
:100CE000F8B5DE4657464E464546E0B52B4B1B68E9
:100CF0009A461E68DB8E5246928E1A409046B28902
:100D0000738913401AB2002A08DBFF271F402AD03C
:100D1000002401239946FE339B4614E043465B05BD
:100D200007D41F4BB3813CBC90469946A246AB46C4
:100D3000F8BD53461B6B9847F3E75B461D40B581F2
:100D40000134082CEFD023004D46A5402F42F4D0AB
:100D50004246224149461142EFD002339B0052469F
:100D60009B589847E9E7DA050AD54346DB0503D4E3
:100D700080235B00B381D6E753469B6A9847F7E729
:100D80009B05D0D543469B0503D480239B00B381AC
:100D9000C9E75346DB6A9847F7E7C046E8070020F3
:100DA0000080FFFFF0B5DE4657464E464546E0B5AB
:100DB00087B08046049116001F0000220023002106
:100DC0008B463F2401202100009601975C46039446
:100DD0004446059413E02024641A0500E540A84623
:100DE00014E0009C019D121BAB415C464D462C4318
:100DF000A346039C45462C430394013925D3202464
:100E000064420C19E7D40500A540A84604008C40B4
:100E1000A14692185B4114001D00059E4F463E40BE
:100E2000B446049E47463E40B246664657463E4359
:100E300003D00600264332002B00009C019D9D42FA
:100E4000DBD8CED19442D8D8CBE7039B58461900C3
:100E500007B03CBC90469946A246AB46F0BD10B5E3
:100E6000490840230024814202D2180010BD1C0012
:100E7000091A631C9BB28842F9D94023FF2CF4D88D
:100E800014800023F1E70000F0B583B00F001600D6
:100E900008AA117804004C434022BC4202D9100039
:100EA00003B0F0BD002B14D1020008000021194C42
:100EB000A04701003A0000230020174CA047002261
:100EC0000123121A8B41120C1B041A433280002298
:100ED000E5E70022012BF9D10A00002300210D4C87
:100EE000A04702000B0000920193380000210A4C39
:100EF000A047050080239B0140229842CFD8790F5C
:100F0000F800009A019BA047EA00821AD2B252036D
:100F10002A43DBE759C10000A50D000010B582B0DF
:100F200004000E4B1B78002B07D0002905D10B4B7A
:100F30005B78834210D01D200CE001A90C701120B9
:100F4000074B98471120074B9847044B5C700122D0
:100F50001A70002002B010BD0020FBE70C02002038
:100F600095230000252300003C4B984232D00AD93B
:100F70003B4B98424ED03B4B984255D03A4B98420F
:100F800038D0002070478423DB0598420CD0374BC3
:100F90009842F6D1012917D0002957D0022915D03F
:100FA000032915D00020EDE7012907D000294BD0F7
:100FB000022905D0032905D00020E3E72C48E1E70A
:100FC0002C48DFE72C48DDE72C48DBE72C48D9E745
:100FD0002C48D7E7012907D0002939D0022905D0AC
:100FE000032905D00020CDE72748CBE72748C9E7EC
:100FF0002748C7E7012907D000292BD0022905D0AF
:10100000032905D00020BDE72248BBE72248B9E705
:101010002248B7E7022903D0032903D00020B1E713
:101020001F48AFE71F48ADE7012907D0002913D0BB
:10103000022905D0032905D00020A3E71A48A1E71B
:101040001A489FE71A489DE71A489BE7032099E74B
:10105000194897E7194895E7194893E700080042AF
:101060000010004200040043000C00420004004253
:101070000300050003000600030007000300010051
:1010800003001E0003001F000300090003000A0004
:1010900003000B0003001100030012000300130003
:1010A00003000E0003000F000300170003001800E8
:1010B00003001900030004000300080003001000EF
:1010C0000300160030B587B00B4B6A4632CB32C2F4
:1010D00032CB32C2009B83420BD001239A00694677
:1010E0005258824206D00133062BF7D1002007B0B8
:1010F00030BD0023D8B2FAE7D4FA000070470000F0
:10110000F0B50A4B1B78002B0CD1094F094E0A4D44
:101110000024DE515A1914600433182BF9D101222E
:10112000024B1A708000024BC150F0BD0E0200202D
:1011300010020020FD100000EC07002000B583B075
:1011400008236A46137001335370013393700133DF
:10115000D3700133137101335371034B98476B46BE
:10116000185603B000BDC046C510000010B5024BB4
:101170001B680020984710BD1002002010B5024BDC
:101180005B680120984710BD1002002010B5024B8B
:101190009B680220984710BD1002002010B5024B3A
:1011A000DB680320984710BD1002002010B5024BE9
:1011B0001B690420984710BD1002002010B5024B97
:1011C0005B690520984710BD10020020F0B5D64697
:1011D0004F464646C0B58AB006000F001400316085
:1011E0000B689B070AD40B680520DB0700D497E047
:1011F0000AB01CBC90469946A246F0BD936A05937E
:10120000D36A0693136B0793536B089300250AE088
:1012100038009A4B98470EE00F231840814530D193
:101220000135042D31D0E9B2AB0002AA0C2012180E
:10123000D0580028ECD0431CF2D001040B0C994686
:10124000000CC3B29C460023020605D463465B092A
:10125000DB018B4A904643441F22604602409818A7
:1012600040300078824680205146C907D6D55208C2
:101270009B1830331878C0B26346DB07CCD5000921
:10128000CCE7002333601C20B2E711207D4B984748
:1012900022780025012A26D06368A2681343E268F9
:1012A00013432B43227C617C002901D080210B4316
:1012B000A17C002902D0802189020A43E17C002917
:1012C00002D0802189000A43217D002902D080219B
:1012D00089010A433968022003438B4217D0002357
:1012E00033601C2084E704AA0100A069664B98477C
:1012F00003001720002B00D07AE73B7BDBB204AA67
:10130000127805309A4200D072E70C35C4E77B684A
:101310009342E4D123787371237CB371002067E793
:1013200008005A4B9847052800D19FE0030012336C
:101330005749CD69012282402A43CA6109A924255F
:10134000625D0A70DBB201931800524B9847019816
:10135000514B9847605D0021504B98472378012BF3
:1013600019D03368984604AB80221A7000225A7054
:1013700001219970DA702378002B01D104AB9A70A7
:10138000A36A0593E36A0693236B0793636B089341
:10139000002705AD11E03B680C2213433B60E0E7FA
:1013A0004046364B98470DE004A90870000CC0B2C7
:1013B0003B4B98470137042F07D0F9B2BB0058596F
:1013C0000028EDD0431CEFD1F4E723787371237C20
:1013D000B371A37CF371237D3372002202ABDA80F8
:1013E0002378012B2AD06368A2681343E268134371
:1013F000217C627C002A03D12A4A9278920701D587
:1014000080221343A27C002A02D080229202114340
:10141000E27C002A02D0802292001143227D002A21
:1014200002D0802292011143424612681343424681
:10143000136053680B4353600020D9E63068134BA8
:1014400098471230C0B20F4B9847010002AB9A1D6B
:10145000A0690D4B984703001720002B00D0C7E66A
:1014600002AB06331B7842461373BCE7084A136A83
:1014700002210B431362182360E7C046690F000086
:1014800000280040B92300005F0E0000C5100000D6
:101490000004004095230000252300001D0F0000DC
:1014A000912400000020004110B544791523012C3F
:1014B00001D0180010BD047A0023002CF9D1002AB5
:1014C00058D04B78002B44D003681B7EDB0710D428
:1014D0000A78D1090023002904D15309DB012E49E0
:1014E0008C4663441F21114001228A409A610523E2
:1014F000DFE70A78D4090023002C04D15309DB016B
:10150000254CA44663441F2414400122A2405A6182
:1015100003681A7ED20701D58A789A62C2790023BD
:10152000002AC6D102680421137E0B42FCD0117E32
:1015300000234907BDD5538B5B0701D50423538393
:101540008379012B02D0936A0023B2E7936A0023C8
:10155000AFE70A78D1090023002904D15309DB0140
:101560000D498C4663441F21114001228A405A6173
:1015700000239EE70A78D1090023002904D15309EA
:10158000DB0105498C4663441F21114001228A403A
:101590009A6100238DE7C04600280040F0B5DE4682
:1015A00057464E464546E0B591B005000C00160082
:1015B00029600800C44B9847020005280DD0070099
:1015C0001237030021680520C90709D511B03CBCBA
:1015D00090469946A246AB46F0BD18270123F1E795
:1015E000216817308907F1D4052A49D0B749C8695D
:1015F00001229A4013000343CB610FA92D23984683
:10160000F35C0B70FFB23800B14B98473800B14B18
:1016100098474346F05C0021AF4B9847F37A6B71D3
:101620002423F35CAB712523F35CEB71F37E2B7207
:10163000337F6B722B6898461800A34B9847052898
:1016400026D0123000220E2306A98C4663441A804D
:10165000328A02928023DB019A4200D1A7E019D995
:10166000C023DB01029A9A4200D19BE080231B0237
:101670009A4200D023E1032306930023079312E04C
:101680009249086A043A9A40130003430B62B4E794
:101690001820D7E780239B019A4200D00FE1102346
:1016A00006930F3B079333680593F3689B46736972
:1016B0000393337E04932623F35C9A46736899461A
:1016C000002B00D19BE080235B05994504D12723A3
:1016D000F35C002B00D180E0737E002B02D0B37E40
:1016E000424693730E2306AA944663441B884246DF
:1016F0009381059B5A461343039A13434A46134367
:10170000029F1F43049B1B021F4353465B071F435B
:101710002723F35C002B01D104331F43737E9B020C
:10172000327F52021343727F120213432422B25CAF
:10173000520413432522B25C12041343B17AF27AA5
:10174000114319433389FF2B7DD080225204174364
:1017500019432C23F35C002B03D1604B9B789B0730
:1017600001D580231F432A68D369002BFCD143464F
:1017700059602A68D369002BFCD143461F600EAB29
:1017800080221A7000225A70DA709A70336B0A93B2
:10179000736B0B93B36B0C93F36B02930D93002756
:1017A0000AAE5EE008230693073B07937BE73368A6
:1017B0000593F3689B4673690393337E0493262352
:1017C000F35C9A4673689946002B14D080235B051E
:1017D000994500D17BE7002020E0336A1F00C0B2AA
:1017E0003F4B984701000E2206AB9C4662443800EE
:1017F0003C4B984712E008230693002307932723C6
:10180000F35C002B0ED0069B0093079B0E2206A9CB
:101810008C466244B16A306A334FB847002800D022
:10182000D4E659E7336A1F00C0B22D4B9847010038
:10183000069B0093079B0E2206A88446624438004C
:10184000294FB847EAE7F37E002B82D08023DB04E0
:101850001F437EE72000254B984707E00137042F00
:101860000DD0F9B2BB0098590028F3D0431CF5D035
:101870000EA90870000CC0B21D4B9847EEE700237C
:10188000EB602B616B61AB61EB612B62AB626B62F6
:101890000022EB85AB853033EA540133EA5401333F
:1018A000EA540133EA542868074B98470400114969
:1018B000114B9847A400114BE550002086E61023F9
:1018C000069300230793EEE6C510000000040040D5
:1018D00095230000252300001D0F0000002000417B
:1018E000B92300005F0E0000890E0000690F0000A0
:1018F00091240000E51A000001110000EC0700200F
:10190000C2791C23002A01D118007047C28D92B2FF
:10191000173B002AF8D1026811850221137E0B4281
:10192000FCD00023F0E782791C23002A01D11800A3
:101930007047828D92B2173B002AF8D10268107E60
:101940004007F4D5538BDBB298061DD0980703D51A
:10195000022353831833EAE7580703D5042353833C
:101960001A33E4E7D80703D5012353831233DEE7A4
:10197000D80603D5102353833233D8E79B0603D50B
:10198000202353832133D2E7138D0B800023CEE72E
:10199000F0B5CE46474680B583B0050001911720CB
:1019A000002A04D103B00CBC90469946F0BDEB79F7
:1019B0000530002BF6D02C68013A93B299460026E8
:1019C0000127204B984611E0731C9BB2019A915D50
:1019D0006A79012A17D089B21E0028001A4B98474D
:1019E0004B46013B9BB29946434513D0237E3B4275
:1019F000EAD1144B227E3A42E6D1012B19D0013BA9
:101A0000002BF7D1E0E70236B6B2019AD35C1B0295
:101A10001943E2E7237E9B070DD40A4B0221227E65
:101A20000A420AD1012B0AD0013B002BF7D100203A
:101A3000B8E71220B6E70020B4E70020B2E7122092
:101A4000B0E7C046FFFF000001190000F0B5D64620
:101A500000B584B0040001911720002A03D104B01E
:101A600004BC9246F0BDA3790530002BF7D0266860
:101A7000013A93B29A460025042719E0002302AAEE
:101A8000D380911D2000154B98470028E7D1691C91
:101A900089B202ABDB88019A53556279012A14D0CE
:101AA0000D005346013B9BB29A460D4B9A45D6D04A
:101AB000337E3B42E2D10A4B327E3A42DED1012BE9
:101AC00009D0013B002BF7D1D8E70235ADB21B0A94
:101AD000019A5354E5E71220C1E7C04627190000D8
:101AE000FFFF0000F8B58000624BC5582C68E36921
:101AF000002BFCD1237EA67D1E403023EB5C3122DF
:101B0000AF5C1F40F30722D5EB8D9BB2002B1CD09E
:101B1000AA6A1378DBB2511CA962697901290ED037
:101B20009BB2DB05DB0D2385EB8D013B9BB2EB8587
:101B3000002B0CD1013323750133A37507E05178D5
:101B400009020B430232AA62EBE701232375B307B4
:101B500006D50223237500223133EA54FB071AD439
:101B6000730765D5AB8D9BB2002B5FD0638BDBB267
:101B70001A0714D43F221340002B34D09A0711D5F2
:101B80001A223223EA54303B63837B0750D5280066
:101B90006B6998474CE02800EB689847E0E73722EC
:101BA0001340E9E75A0705D51E223223EA542E3B9B
:101BB0006383EAE7DA0705D513223223EA54313B7F
:101BC0006383E2E7DA0605D542223223EA54223B58
:101BD0006383DAE720221A42D7D021323223EA5433
:101BE000123B6383D1E7238DDB05DB0DDAB2696A33
:101BF0000A706A6A511C69626979012910D0AB8D3B
:101C0000013B9BB2AB85002B12D10433237500221C
:101C10002E33EA54BB070BD528002B69984707E001
:101C20001B0A53706B6A01336B62E8E70423237568
:101C3000F30604D5102323752376FB060ED4B306D2
:101C400004D52023237523763B070BD4330704D513
:101C5000082323752376BB0608D4F8BD2800EB695A
:101C60009847ECE72800AB699847EFE72B6A280014
:101C70009847F2E7EC07002010B5082803D8800049
:101C80001C4B1B589F46002032E01B4B18692FE06D
:101C90001A4B187D0007800F431C1948584327E052
:101CA000154B586924E0144B1B6800209B071FD577
:101CB000124980225200CB681342FCD00E4B1B68A5
:101CC0005B0701D40F4813E000200F4B98470A4BE5
:101CD0009B681B041B0C58430AE02823074AD35C6B
:101CE00000209B0704D5044BD86801E08020000247
:101CF00010BDC046ECFA000028020020000C004095
:101D000000093D00006CDC02B923000070B50B4CEB
:101D1000237D8578467802780321114089000C22C2
:101D200093430B430B3A3240920140218B431343C0
:101D3000ED017F2213402B43237570BD000C004042
:101D4000F0B5D6464F464646C0B5204B9A465B692D
:101D5000457801784C424C41A14681788C46C17847
:101D60008846467A077A847A406819494861012191
:101D70004846800004229343034340460840C00085
:101D80000432934303436046084000010832934302
:101D900003430F40BF01402083433B430E40F60105
:101DA000403083433343793805402D0209480340CE
:101DB0002B4321400903084803400B43524653611B
:101DC0001CBC90469946A246F0BDC046001000409B
:101DD00028020020FFF8FFFFFFEFFFFF10B5837A16
:101DE0009B061B0C82899205920D13431A494B6086
:101DF000037A427A13438288C48822431343427889
:101E0000D20113438278920113430B600378042BB1
:101E100011D0202B0ED1837B9B06428A1343028A6A
:101E200012040E490A4013430B4A936011680C4B8D
:101E30000B43136010BD837B9B06428A1343028AC7
:101E4000120406490A401343034A936013680421AD
:101E50000B431360EEE7C046280200200000FF039A
:101E600024040000082803D88000294B1B589F46F3
:101E700017204BE0274A137D02210B4313750020E6
:101E800044E0254A936902210B43936100203DE021
:101E9000204A138A02210B431382002036E01E4A97
:101EA000536902210B43536100202FE01B490B684B
:101EB000022213430B60174B1A831900FE32CB68C2
:101EC0001342FCD0154A9168124B19625268DA61CC
:101ED00000221A8319000132FF32CB681342FCD072
:101EE0000E4B1B689BB20B4A138300200EE009497E
:101EF00028228B5C022003438B5408003821263AA9
:101F0000435C1342FCD1002000E000207047C04633
:101F100010FB0000000C00400010004028020020D0
:101F2000082832D880001A4B1B589F46194A137D47
:101F300002218B43137500207047174A93690221D1
:101F40008B4393610020F7E7124A138A02218B43E7
:101F500013820020F0E7104A536902218B4353613A
:101F60000020E9E70D4B1A6802218A431A601B68BA
:101F70009BB2084A13830020DEE7064928228B5CC7
:101F8000022083438B540020D6E71720D4E7C046B5
:101F900034FB0000000C004000100040280200202C
:101FA00030B58DB0802252006C4B9A60FD3A6C4B7C
:101FB0009A606C4A53681E218B431A390B43536055
:101FC0008023DB059B78022B0FD08023DB059B78D9
:101FD0005BB2002B09DB8023DB0501229A71013201
:101FE0009A701A009379002BFCD009A80023037083
:101FF00080221202426083700122C27003728372D7
:10200000033242704372584B98470520574B98470C
:1020100057490122CB681A42FCD001A901254D6025
:1020200000244C700C724C7203230B700020514B37
:1020300098470620504B98476B465C701D709C700B
:1020400068464E4B98470620484B98474349102214
:10205000CB681A42FCD001A901234B6000244C70CC
:1020600005330B700C724C720020424B984704AB46
:1020700000229C80DC801A725A729A703F219981EA
:102080003B3919705A703E4B1B689B0E3F2B63D037
:1020900004A88372B723DB0043820723837338339A
:1020A0000382384B9847384B984701AC012502957D
:1020B00000236370637205332370257221000120B1
:1020C0002C4B98470120314B984725702100002068
:1020D0002F4B984700202F4B98470720234B9847BA
:1020E0001E49D0221201CB6813409342FBD12A4CE7
:1020F0000123A3716371237101A900234B700B723B
:102100004B7207330B70013B4B600020194B984713
:1021100000201E4B98470020204B98472179C9B2D8
:102120001F4B98471F4B984214D88023DB059B78A0
:10213000002B0FD08023DB059B785BB2002B09DBE3
:102140008023DB0501229A7100229A701A0093798C
:10215000002BFCD00DB030BD203B99E7000C0040B7
:102160000014004000400041411D0000651E0000B9
:1021700000100040CD210000211F00000D1D0000B7
:1021800020608000DD1D0000A921000079220000F0
:10219000952300002523000000040040B922000020
:1021A0003DBD0000001BB700064A536940210B43A8
:1021B00053610122044B1A7019000B781342FCD1B1
:1021C0007047C046000400400018004070B504008D
:1021D0000D784B78002B02D08023DB001D434B7A17
:1021E000002B02D080231B011D43486801280FD912
:1021F000431E184231D102282DD902230022013278
:102200005B009842FBD880235B011D4312041543F9
:102210000B7A002B02D080239B011D430426A6408D
:102220001149124A4B6813401E42FBD1104B98478C
:10223000A4000D4B9C466444226A80235B001A4034
:102240002A4322626146094A4B6813401E42FBD171
:10225000084B984770BD0022D5E7000480239B00FF
:1022600018430543D4E7C04600180040FC070000AF
:10227000AD010000ED01000010B504000422824011
:1022800009480A4943680B401A42FBD1084B98475A
:10229000A400054B9C466444226A80235B001343E0
:1022A0002362044B984710BD00180040FC07000053
:1022B000AD010000ED010000F8B5040004228240E9
:1022C0001248134943680B401A42FBD1114B9847FF
:1022D0000E4F0834A400E0590007000F0E4B98473A
:1022E0000600E559ED04ED0FE459240C0B4B98471B
:1022F000002D07D1012C07D921003000084B984749
:10230000060001E00134E6403000F8BD001800404E
:10231000FC070000AD010000791C0000ED01000089
:102320003DBD000010B50400094B9847A000094BC3
:102330009C4660448022835840210B4383504031A7
:10234000403A43581A42FCD0034B984710BDC04650
:10235000AD01000000180040ED01000010B50400C0
:10236000094B9847A000094B9C4660448022835843
:1023700040218B4383504031403A43581A42FCD1AC
:10238000034B984710BDC046AD0100000018004047
:10239000ED01000070B504000D00054B98472A7848
:1023A0000F2313402034A400024AA35070BDC0463E
:1023B0005D2300000018004010B50400064B98474C
:1023C0002034A400054BE4582407240F044B9847FD
:1023D0002000044B984710BDAD01000000180040DC
:1023E000ED010000B922000030B5D378002B35D1C3
:1023F0001378802B29D01B06802464022343547851
:102400000225AC4306D19478002C20D18024A4026C
:10241000234341605478013C012C1CD90D042D0C40
:10242000A024E4052C431C4384620D0CD024240614
:102430002C431C438462D478002C22D15B031CD52E
:102440009378012B1ED0416117E00023D7E7C02409
:10245000E4022343DDE70D4C2340DFE741600C0439
:10246000240CA023DB05234383620C0CD0231B0622
:1024700023438362D378002B03D15378013B012B94
:1024800002D930BD8161F8E78160FAE7FFFFFBFF09
:1024900010B50A00C1090023002904D14309DB015A
:1024A00005498C4663441F242040012181401800C7
:1024B000024B984710BDC04600280040E9230000A9
:1024C0007047000010B5054B9847054B9847054BE2
:1024D0009847054B9847054B984710BDA11F000032
:1024E0001D020000C12400000D050000C1240000F1
:1024F000931C9B001950022A09D0032A0CD00123F7
:1025000093401A00037E1343037600207047037E36
:10251000102213430376F8E7037E20221343037649
:10252000F3E7000070B58000164BC45823689D7A0D
:10253000227E637E13401D40EB0706D4AB070BD40D
:10254000EB0610D4AB0615D470BD2000A3689847E5
:10255000012322689372F1E72000E3689847022381
:1025600022689372ECE720002369984710232268C1
:102570009372E7E7200063699847236820229A72E4
:10258000E2E7C0460408002010B50020014B984740
:1025900010BDC0462525000010B50120014B98470D
:1025A00010BDC0462525000010B50220014B9847FC
:1025B00010BDC0462525000010B50320014B9847EB
:1025C00010BDC0462525000010B50420014B9847DA
:1025D00010BDC0462525000030B587B001A90C4BC1
:1025E0000A0032CB32C212CB12C2019B98420BD0EE
:1025F000012301A99A005258824206D00133052BCB
:10260000F8D1002007B030BD0023D8B2FAE7C046A9
:1026100080FB0000F0B5C64600B58EB004000D008A
:1026200016000800AE4B984780460CAB1B221A7070
:102630005A7001329A70DA7001321A7102A9A94BEC
:1026400014330A0083CB83C283CB83C283CB83C280
:102650001B6813600023A360E3602361636123763A
:10266000637643469A00A04BD45025603423F35C34
:10267000A376F378082B08D023712B680520DB079D
:1026800008D50EB004BC9046F0BD17204246D207D4
:10269000F7D4F1E7EB7A17309B07F2D42B689B074E
:1026A000EFD4337C002B12D1337F002B1BD1434658
:1026B0005A0002A9531C9B0058584346DB005B5844
:1026C000D9B2042923D88B008849CB589F4601A949
:1026D00001238B700022CA70327E0A704B70307DED
:1026E000834B9847E0E701A901238B700022CA7051
:1026F0002432B21812780A704B701F33F31818780E
:102700007B4B9847D3E77B494B6918434861F37883
:10271000082B00D186E033786A4613700CAB424632
:102720009F5C69463800744B98473800734B984754
:10273000F378F2791343B2881343727A002A02D0F5
:10274000802252021343B27A002A02D080229202DF
:102750001343F27A002A02D0802252031343327BC1
:10276000002A02D080229203134371788901B27843
:10277000D2011143194322681369002BFCD129604F
:1027800022681369002BFCD1B3792B73717B4B1E2C
:1027900099418900B37B002B01D0012319432268A2
:1027A0001369002BFCD1FF332B71002904D0226860
:1027B0001369002BFCD16971337A6B73226813693A
:1027C000002BFCD12379042B59D0082B74D017206F
:1027D000002B00D055E71369002BFCD1338DAB8261
:1027E00022681369002BFCD1738DAB8322681369B7
:1027F000002BFCD1B38DEB83002042E73D498B6970
:102800001843886183E73B49CB691843C8617EE779
:1028100038490B6A1843086279E7364B596A08430E
:10282000586274E743460133042B00DD73E702ABC3
:10283000D11C8900C95802329200D358DAB2042A56
:1028400000D968E793002E4AD3589F46294A536916
:10285000194351615FE7274A9369194391615AE728
:10286000244AD3691943D16155E7224A136A1943AF
:10287000116250E71F4B5A6A114359624BE71369C3
:10288000002BFCD12833F35C2B7522681369002BD5
:10289000FCD12933F35CEB7622681369002BFCD161
:1028A0002A33F35C2B7722681369002BFCD12B337E
:1028B000F35C6B770020E4E61369002BFCD1B36A6C
:1028C0006B6122681369002BFCD1F36AEB6122680B
:1028D0001369002BFCD1336B2B620020D1E6C0467C
:1028E000D925000080FB00000408002058FB0000F0
:1028F00091240000000400409523000025230000DF
:102900006CFB000002681369002BFCD11371016895
:102910000B69002BFCD18033537102681369002BC3
:10292000FCD10379042B05D0082B09D00020002B03
:1029300003D07047107DC0B2FBE7908A80B2F8E701
:102940005069F6E710B504682369002BFCD10379C0
:10295000042B06D0082B28D0002B13D017231800E7
:1029600010BD17230129FAD8837E002B05D0D2B2DF
:10297000611830310A700023F1E7D2B2641822776F
:102980000023ECE717230129E9D8837E002B05D02B
:1029900092B2183149000A530023E0E792B20C3199
:1029A00049006418A2800023D9E717230129D6D84B
:1029B000837E002B05D106318900641862600023F4
:1029C000CDE70C3189000A510023C8E7FEE700007B
:1029D00010B51A4A1A4B9A4211D01A00194B9A4252
:1029E0000DD2194A03339B1A9B0801339B00002226
:1029F000134812498C58845004329A42FAD1134A2F
:102A0000134B9A420AD2D34311495B1803218B43DB
:102A100004339B18002102C29342FCD10D4AFF21CE
:102A20000D4B8B4393600D4A53687F390B435360C2
:102A30000B4B98470B4B9847FEE7C046A808010090
:102A400000000020E001002004000020E001002040
:102A50001418002000ED00E00000000000400041DC
:102A6000D5E00000792E0000F0B5C64600B50C0098
:102A7000904600280FD1002A11DD8F18094E0A4D0B
:102A8000306821002B6898470134BC42F8D1404699
:102A900004BC9046F0BD01235B429846F7E78046B0
:102AA000F5E7C0462008002018080020F0B5C6460B
:102AB00000B50E0015000138022810D8002A11D0E8
:102AC00000240C4B98460C4F43461868315D3B6818
:102AD0009847002808DB0134A542F5D106E001241F
:102AE000644203E0140001E001246442200004BCBD
:102AF0009046F0BD200800201C0800200300064A74
:102B00001268002A04D0044A1068C3181360704782
:102B10000249014A1160F6E74002002018380020FF
:102B200001204042704780239B014B60002070478A
:102B3000012070470020704770B582B005000E007C
:102B400000226B46DA80064C6B46991D2800A04790
:102B50000028F9D16B4606331B88337002B070BD74
:102B60002719000070B505008CB2034E2100280023
:102B7000B0470028FAD170BD0119000010B582B02D
:102B80006B46DC1D012221000F48104B984772B69E
:102B9000BFF35F8F00220E4B1A700E4B1B7821780B
:102BA0000D4AD1547F2B0AD001330A4A13700122F7
:102BB000074B1A70BFF35F8F62B602B010BD0022E0
:102BC000044B1A70F3E7C046440200204D1A00007F
:102BD00008000020F902002078020020F0B591B032
:102BE0008023DB05009300230193FF2269460A81BD
:102BF00000228B72CB720124242168464454013197
:102C0000445401314354013143540A930531435430
:102C10000131435405930382C376027602774276EC
:102C200013238376427780235B0303932F4B0C930C
:102C30002F4B0D9301235B420E930F93E1235B0215
:102C400008932C4D2C4B1D602C4A2D4B1A602D4A9D
:102C50002D4B1A606A468421C90528002B4B9847E2
:102C60002B4F3B68986800212A4EB0473B68586854
:102C70000021B0472E683000274B98471F2318408B
:102C80008440264B1C602A68D369002BFCD1336832
:102C9000022213433360174B1B68DA69002AFCD108
:102CA0005968802252020A435A600121114AD171A7
:102CB000DA69002AFCD1DA69002AFCD1596880223D
:102CC00092020A435A6001210A4A9171DA69002A84
:102CD000FCD113490020134B984704228423DB05C1
:102CE0009A75FC320D4B1A6011B0F0BD0300040060
:102CF000030005004402002020080020652B00008E
:102D00001C080020392B0000180800209D15000029
:102D10001000002041E300003D11000000E100E050
:102D20007D2B00000111000070B5154D2C682000AE
:102D3000144B98471F2318401E3B834080221249A2
:102D40008B502A68D369002BFCD12368022293435D
:102D500023600B4B1B68DA69002AFCD15A680B49C7
:102D60000A405A600021064AD171DA69002AFCD172
:102D70005A6807490A405A600022014B9A7170BD97
:102D8000440200203D11000000E100E0FFFFFEFFD3
:102D9000FFFFFDFFF0B583B0060001916B469D88F3
:102DA000054C064F2A0031002000B8470028F9D111
:102DB000019803B0F0BDC046440200209119000004
:102DC00070B502001F4B1C781F4B1B789C4219D317
:102DD000E31A1E4803701D4B1878002831D043B207
:102DE000002B15DB031C884200D90B1CD8B200282D
:102DF00027D0154B1B78441EE4B201341419144D2E
:102E0000002614E020008038C31A10480370E2E75F
:102E10000D4B1C7080200D4B18704BB2002B01DB4A
:102E20000800E4E78020E4E73300944207D0E95C3F
:102E3000117001327F2BF7D00133DBB2F5E7024A84
:102E4000137070BDF9020020F8020020FA02002081
:102E50007802002000B583B001216B46D81D054BD8
:102E60009847002803DD6B46D87903B000BD0120E8
:102E70004042FAE7C12D000070B52F4B98472F4B09
:102E800098472F4B984701222E4B1A70BFF35F8F44
:102E900062B62D4B98472D4B1C78E4B22C482D4B35
:102EA0009847630630D4A30632D4E30634D46307CC
:102EB00036D4A30738D4E3073AD4274B9847274B97
:102EC00098472748274B9847274B9847274B9847C1
:102ED000274B9847274B9847274B9847274B9847AE
:102EE000274B9847274B9847274C2000274B98475C
:102EF0002000274B984781B22000264B9847264D4B
:102F0000264CA847A047FCE72548164B9847CAE738
:102F10002448144B9847C8E72348124B9847C6E704
:102F20002248104B9847C4E721480E4B9847C2E708
:102F300020480C4B9847C0E7C5240000150100004D
:102F40001D02000008000020DD2B000000080040EA
:102F5000BCFB0000C1E1000029450000594500000C
:102F60005CFC0000B5E20000194C00003D5B000075
:102F7000515800002D65000005500000755B0000F1
:102F8000996B0000ED2F0000240800206132000042
:102F900025E50000C9450000C92F0000A96B00000D
:102FA000D4FB0000ECFB0000FCFB00000CFC00006C
:102FB0002CFC00004CFC000010B5024B9847002090
:102FC00010BDC0460130000010B5054B9847431CAA
:102FD00005D0C0B2034B98471020034B984710BD53
:102FE000552E000005460000156C000010B5024B80
:102FF0009847024B984710BD7D450000B132000054
:10300000F0B5DE4657464E464546E0B58BB0874B99
:103010001B789846864B1B680193864C864D01E0D1
:10302000C0B2A847A047431CFAD1844B844AD35C62
:10303000002B4FD0834BD35C0133DBB29A46002B7D
:1030400046D000239B4691467F4F4646D846D346FE
:103050001AE05646A64200D8E1E0009B5B68039365
:10306000002B3ED02401019B9C466444434601331F
:10307000DBB298465B46013BDBB29B46267B63682E
:1030800001935B46002B23D0704B0993002E00D197
:10309000C3E0019D0024434602931D33FF335B00D0
:1030A0004B440233B2461E000095318849442868DB
:1030B000B8470028CDD00134E4B210355445F3D1DF
:1030C000624C2000624B984781B22000614B9847C8
:1030D000614B98470BB03CBC90469946A246AB4624
:1030E000F0BDC346009B9C68002C00D199E05A7B40
:1030F000544B5349CB5C02995B1A934201D0534C19
:10310000DFE7002A15D043460133DBB24C4E3500D1
:103110004C48591CC9B21133FF335B00F318DB88EC
:103120009BB2002B00D17EE02A5CD2B20B00914210
:10313000EFD91822002104A8484B98475A465B460D
:103140000133092B57D9931C092B10D81133FF33A6
:103150005B003B49CB18DB889BB2002B07D0029B5E
:103160001F33FF335B00CB185B88C9180591D31C54
:10317000092B10D81133FF335B003149CB18DB88A2
:103180009BB2002B07D0029B2033FF335B00CB1890
:103190005B88C9180691131D092B10D81133FF3312
:1031A0005B002749CB18DB889BB2002B07D0029B22
:1031B0002133FF335B00CB185B88C91807910532B8
:1031C000092A11D81132FF3252001D4B9A18D388A8
:1031D0009BB2002B08D01A4A029B2233FF335B00BC
:1031E000D3185B88D218089204A8A047099C002C29
:1031F00000D066E76CE71133FF335B001049CB1852
:10320000DB889BB2002B9ED0029B1E33FF335B00FA
:10321000CB185B88C918049195E70C4C51E70B4C0F
:103220004FE70A4C4DE7094C4BE7C046CCFF000086
:103230000C000020552E0000054600004E02000044
:10324000780A00204F02000011E50000A4FC0000F5
:1032500025E50000C94500007D450000AFE1000004
:1032600070B504000C220D490D4DA8472026E672CA
:1032700020000C3010220B49A847E67620001C30B5
:103280000C220949A8472723E654200028300922A8
:103290000649A84700223123E25470BD70FC0000AB
:1032A0009DE100007CFC00008CFC000098FC00000C
:1032B00010B5064B984706491A20064B9847002838
:1032C00000D110BD0448054B9847FAE7C9760000C5
:1032D000613A0000CD740000FCFD0000B5E2000082
:1032E00010B582B004000A22002100680C4B9847F8
:1032F0000190012252420A2120680A4B984701237B
:10330000002805D19B00084A9B58636102B010BD9C
:1033100001A90120054B9847431E9841C3B2F1E72C
:1033200079E70000FD480000C4FE0000CD740000F5
:1033300030B583B0050001A90120054B9847054C25
:103340000A2201992000044B98476C6103B030BDFC
:10335000DD7300002408002081480000F0B5D64647
:103360004F464646C0B582B08046046820002A4BCE
:10337000984785B22000294B984700B26B46D88009
:103380000123022D26D8142824DC43461F683B78ED
:103390002B3BFD22134228D0214B98473B78C01885
:1033A00043785B0736D5012D2AD9012601241C4B11
:1033B0009A4604239946D0473B5DC01843784A4655
:1033C0001A4204D00134E4B2A6B2B542F3D80123C4
:1033D000B54218D09B00134A41469B584B6102B03E
:1033E0001CBC90469946A246F0BD012DDDD80C4B81
:1033F00098473B78C01843785B0701D40123E9E77D
:103400000123012DE6D16B46991D0420064B9847F8
:103410000023DFE70123DDE725E50000BDE0000034
:103420005DE10000C4FE0000CD74000070B582B004
:1034300006006B46DD1D29000420064B9847064C0C
:10344000002028560A222100044B9847746102B0DC
:1034500070BDC046DD730000240800204DE100006F
:10346000F0B5CE4600B584B08146036801930024D0
:10347000104F114EE5B2A300D9590198B04700286A
:103480000CD00134062CF5D1012080000B4B4A46AC
:10349000C358536104B004BC9146F0BD02ABD91DC2
:1034A000EB1D0B701630064B9847431E9841C0B277
:1034B000EBE7C0469CFE000041490000C4FE00004E
:1034C000CD74000030B583B005006B46DC1D2100D3
:1034D0001620054B98472378073B9B00034A9B58CF
:1034E0006B6103B030BDC046DD7300009CFE000080
:1034F00030B583B0040000680F4DA8476B461880B4
:103500006068A8476B465880A068A8476B4618714A
:10351000E068A847431E98416B46587169461D20D4
:10352000064B9847002803D0054B636103B030BDBC
:10353000044B6361FAE7C046BDE00000CD740000B3
:10354000A4FC00000CFE0000F0B5CE46474680B556
:1035500083B0050069461D201F4B9847002806D000
:103560001E4B6B6103B00CBC90469946F0BD6B4698
:1035700019881B4C0A2220001A4EB04720001A4B13
:1035800099469847FF273B00034020229046E2548B
:103590000130C1B209196B460220185E0A22134B92
:1035A00098472000C8473B0003404246E2546B4620
:1035B00019790130C0B200190A22B0472000C8476B
:1035C00007404346E3556B4659790130C0B20019B4
:1035D0000A22B0476C61C5E7DD730000A4FC00005F
:1035E000240800208148000025E500004DE100008E
:1035F000F0B5C64600B582B08046056800226B462D
:10360000DA710023114F124E6A46D41D9B00D9591E
:103610002800B047002807D023780133DBB223709D
:10362000012BF3D9012007E06B46D91D0930094B66
:103630009847431E9841C0B28000074B4246C3588A
:10364000536102B004BC9046F0BDC046BCFE000011
:1036500041490000CD740000C4FE000030B583B0C5
:1036600005006B46DC1D21000920044B9847237898
:103670009B00034A9B586B6103B030BDDD730000B3
:10368000BCFE000010B582B0040000680A4B9847E9
:103690006B46D8710123012805D99B00074A9B5826
:1036A000636102B010BD6B46D91D1420044B9847CE
:1036B000431E9841C3B2F0E7D1490000C4FE0000A8
:1036C000CD74000030B583B005006B46DC1D2100D1
:1036D0001420044B984723789B00034A9B586B6146
:1036E00003B030BDDD730000B4FE000010B582B041
:1036F000040000680A4B98476B46D87101230128E3
:1037000005D99B00074A9B58636102B010BD6B4608
:10371000D91D0820044B9847431E9841C3B2F0E7D7
:10372000D1490000C4FE0000CD74000030B583B064
:1037300005006B46DC1D21000820044B98472378C8
:103740009B00034A9B586B6103B030BDDD730000E2
:10375000B4FE000070B582B006006B469D1D2900C6
:103760001F20064B9847064C0023E85E0A222100E2
:10377000044B9847746102B070BDC046DD73000011
:10378000240800204DE10000F0B5CE4600B584B01D
:103790000500036801930024104F114EE3B29946CF
:1037A000A300D9590198B04700280BD00134032C4D
:1037B000F4D1012080000B4BC3586B6104B004BCF2
:1037C0009146F0BD02ABD91D4B4607330B70073055
:1037D000054B9847431E9841C0B2EBE780FE0000BE
:1037E00041490000C4FE0000CD74000030B583B034
:1037F00005006B46DC1D21000720054B9847237808
:10380000073B9B00034A9B586B6103B030BDC04629
:10381000DD73000080FE000010B582B00400006877
:103820000A4B98476B46D8710123012805D99B00A4
:10383000074A9B58636102B010BD6B46D91D062034
:10384000044B9847431E9841C3B2F0E7D1490000AA
:10385000C4FE0000CD74000030B583B005006B4697
:10386000DC1D21000620044B984723789B00034A67
:103870009B586B6103B030BDDD730000B4FE0000E7
:1038800010B582B0040000680D4B98476B46D88095
:103890000C4A052120680C4B98470123002805D1CC
:1038A0009B000A4A9B58636102B010BD6B46991D8C
:1038B0000320074B9847431E9841C3B2F0E7C04628
:1038C000C9E00000FFFF0000FD480000C4FE00004A
:1038D000CD74000030B583B005006B469C1D2100FF
:1038E0000320054B98472188044C0A222000044BF2
:1038F00098476C6103B030BDDD73000024080020E0
:103900008148000070B5050000680A4B9847040024
:10391000012807D0002809D00124A400064BE35851
:103920006B6170BD054B98470024F6E7044B984740
:10393000F3E7C046D1490000C4FE0000C184000086
:103940003985000000B583B00B4B1B886A461370A5
:103950000A4B019368460A4B9847002805D0023865
:10396000431E9841023003B000BD064A138801335C
:1039700013800020F7E7C04602030020240800203F
:10398000FD7D0000FE02002070B5050000681D4BA3
:10399000984784B262081C4B1A80FF235B009C424C
:1039A00008D91A4968681A4B9847002813D1194B4F
:1039B0006B6170BD2868184B98470028F1D0174AF2
:1039C00029682000164B9847E307EAD50E4A13886A
:1039D00001331380E5E76868124B984780B20B4BC0
:1039E0001880002808D101221A800F4B98478000C8
:1039F0000E4BC3586B61DCE70D4B9842F5D9054B74
:103A00006B61D6E725E500000203002000030020DB
:103A100021480000A4FC00008D470000240800207D
:103A2000714A0000BDE0000045390000C4FE0000FE
:103A30001027000000B583B001A800230370064BD7
:103A40001B684380054B9847002802D0032003B031
:103A500000BD0020FBE7C046380A00208187000037
:103A6000F0B583B0202800D9A6E08000544B1B5845
:103A70009F460B78002B25D0072B2CD0514B1B8851
:103A8000514A12889A4202D2504A93422CD9504C41
:103A9000504D2A880192504E328800924F4A3C2164
:103AA00020004F4FB8470023474A138033802B80B4
:103AB000444A138020004B4B984781B220004A4B68
:103AC000984777E00B214948474B9847424A13886B
:103AD00001331380D2E70D214548434B98473D4AB7
:103AE000138801331380C9E7424B984762E0364B95
:103AF0001A88344B1B889A420BD20B78002B59D171
:103B00000A213D48384B98473C4A138801331380BB
:103B100050E03A4D2B882E4C394A14212000304E6B
:103B2000B04700232B8020002E4B984781B2200005
:103B30002D4B98473EE04C680D7A002D24D0002C88
:103B40002FD0304E092230493000304B984730009A
:103B5000244B9847FF2303402022F2540130C0B287
:103B600082192B4B1B1A5B08AB4200D92B00D8B231
:103B70002100284B9847234C20001A4B984781B2CC
:103B80002000194B984705E0002C0AD00A211A485A
:103B9000154B9847204B1B68002B0BD11F4B9847A8
:103BA00008E00A211448104B9847F3E70D211C4800
:103BB0000D4B984703B0F0BD1A481B4B9847F9E7E7
:103BC000B4FC000000030020FE02002010270000CB
:103BD0003C0A0020FC0200200403002054FD0000E9
:103BE000ADE4000025E50000C945000038FD0000F7
:103BF00044FD00004539000080FD00000603002060
:103C00008CFD000024080020C8FD00009DE100009C
:103C100012020000C1470000380A0020353A0000B7
:103C20009CFD0000ACFD0000B5E2000010B50400F2
:103C30000A2200210068094B9847094B1860094A7D
:103C400005212068084B9847002800D110BD074B7C
:103C500098478000064BC3586361F7E779E7000097
:103C6000380A0020FFFF0000FD480000353A000040
:103C7000C4FE000010B582B0040001A80123037047
:103C8000054B9847431E984180008000034BC35862
:103C9000636102B010BDC04681870000C4FE000011
:103CA00010B582B0040000680C4B984701900C4A94
:103CB000062120680B4B98470123002805D19B0063
:103CC000094A9B58636102B010BD01A90220074B4D
:103CD0009847431E9841C3B2F1E7C046C9E00000CF
:103CE000400D0300FD480000C4FE0000CD7400003C
:103CF00030B583B0050001A90220054B9847054C5B
:103D00000A2201992000044B98476C6103B030BD32
:103D1000DD7300002408002081480000F0B5C6468D
:103D200000B584B00500036801930024104F114EC4
:103D3000E3B29846A300D9590198B04700280BD0A8
:103D40000134042CF4D1012080000B4BC3586B616B
:103D500004B004BC9046F0BD02ABD91D434601330C
:103D60000B700B30054B9847431E9841C0B2EBE7F0
:103D70008CFE000041490000C4FE0000CD7400002C
:103D800030B583B005006B46DC1D21000B20054BD0
:103D900098472378013B9B00034A9B586B6103B013
:103DA00030BDC046DD7300008CFE0000F0B5C64695
:103DB00000B582B08046056800226B46DA710023A8
:103DC000114F124E6A46D41D9B00D9592800B047A6
:103DD000002807D023780133DBB22370032BF3D9FB
:103DE000012007E06B46D91D0F30094B9847431E51
:103DF0009841C0B28000074B4246C358536102B09D
:103E000004BC9046F0BDC04670FE00004149000071
:103E1000CD740000C4FE000030B583B005006B46D1
:103E2000DC1D21000F20044B984723789B00034A98
:103E30009B586B6103B030BDDD73000070FE000065
:103E4000F0B5C64600B582B08046056800226B46D4
:103E5000DA710023124F134E6A46D41D9B00D959C4
:103E60002800B047002807D023780133DBB2237045
:103E7000162BF3D901200AE06B46D91D0B780133CC
:103E80000B701130084B9847431E9841C0B2800018
:103E9000064B4246C358536102B004BC9046F0BD85
:103EA00014FE000041490000CD740000C4FE000073
:103EB00030B583B005006B46DC1D21001120044B9A
:103EC000984723789B00034A9B586B6103B030BD31
:103ED000DD73000014FE0000F0B5C64600B582B0E8
:103EE0008046056800226B46DA710023124F134E9C
:103EF0006A46D41D9B00D9592800B047002807D036
:103F000023780133DBB22370162BF3D901200AE0AA
:103F10006B46D91D0B7801330B701030084B984756
:103F2000431E9841C0B28000064B4246C3585361BD
:103F300002B004BC9046F0BD14FE000041490000F0
:103F4000CD740000C4FE000030B583B005006B46A0
:103F5000DC1D21001020044B984723789B00034A66
:103F60009B586B6103B030BDDD73000014FE000090
:103F700010B582B004000A22002100680C4B98475B
:103F80000190012252420A2120680A4B98470123DE
:103F9000002805D19B00084A9B58636102B010BD00
:103FA00001A90C20054B9847431E9841C3B2F1E785
:103FB00079E70000FD480000C4FE0000CD74000059
:103FC00030B583B0050001A90C20054B9847054C7E
:103FD0000A2201992000044B98476C6103B030BD60
:103FE000DD7300002408002081480000F8B50400BB
:103FF00000681B4B9847002802D11A4B6361F8BD3B
:104000006068174B98470028F7D0102200212068DD
:10401000154EB0470500102200216068B047060029
:104020002068124B9847022802D00E4B6361E6E7E6
:1040300060680E4B98470228F7D13306F5D4EDB2ED
:10404000F6B2B542F1D20A4C0A4F2800A04702004E
:1040500029000948B8470135EDB2AE42F5D2CEE7A6
:104060008D470000A4FC000079E7000025E5000072
:104070007D4E0000C1E10000D4FD000010B582B00B
:1040800004000A22002100680D4B984701900D4A58
:10409000062120680C4B98470123002802D0019A82
:1040A000002A05D19B00094A9B58636102B010BDEC
:1040B00001A90D20064B9847431E9841C3B2F1E772
:1040C00079E70000E0930400FD480000C4FE000012
:1040D000CD74000030B583B0050001A90D20054B5B
:1040E0009847054C0A2201992000044B98476C61BF
:1040F00003B030BDDD7300002408002081480000BB
:1041000070B582B006006B46DD1D29000E20064BFF
:104110009847064C002028560A222100044B984755
:10412000746102B070BDC046DD7300002408002039
:104130004DE1000070B584B005006B469C1D210068
:104140000920104B98472378002B0CD002A900209F
:104150000C4B98470C4A02A901200C4B98470A4B7C
:104160006B6104B070BD6B46DC1D21001320054E51
:10417000B04702A91220B0472078034A02A9034B96
:104180009847ECE7DD73000024080020C1470000D9
:1041900070B582B005000068274B984784B262086A
:1041A0006B46DA806B465E1D31000920234B984731
:1041B0003278002A23D10123102C25D82868204BDF
:1041C0009847012300281FD01E4A296820001E4B53
:1041D0009847E30704D56B469A1DDB8801331380AB
:1041E0006B4605331B78012B14D06B46991D1320A9
:1041F000164CA04713491220A047002304E00123D6
:10420000012A01D1022C0BD09B00114A9B586B61F3
:1042100002B070BD0B4900200C4B98470023F3E718
:104220002868074B984701230028EDD0054A2968E4
:104230000220054B9847D3E725E50000DD73000019
:104240008D47000024080020714A0000CD74000052
:10425000C4FE0000F8B504000068214B9847012314
:10426000002804D19B001F4A9B586361F8BD606819
:104270001B4B984701230028F4D01022002120680E
:10428000194DA8470600102200216068A8470500C4
:1042900027683800154B984701230228E2D1F6B26F
:1042A000002E06D139001248124B984701230028EE
:1042B000D8D1676838000D4B984701230228D1D127
:1042C000EDB2002D06D1390009480A4B9847012369
:1042D0000028C7D129003000074B98470023C1E7C9
:1042E0008D470000C4FE000079E7000025E50000CE
:1042F00010FE000011E50000554E000070B50400EE
:104300000068154B9847002802D1144B636170BDBB
:10431000102200212068124B9847050026683000C3
:10432000104B9847022802D00C4B6361EFE7EDB2C7
:10433000002D05D131000C480C4B98470028F3D1D3
:1043400028000B4B984701000A4D102228000A4B09
:1043500098476561DBE7C0468D470000A4FC00007C
:1043600079E7000025E5000010FE000011E50000DF
:104370007D4E0000240800208148000010B5040094
:10438000044B9847044B984721000448044B984736
:1043900010BDC046D14D0000DD2B00001C04010003
:1043A000C1E1000010B5094B9847094B1B78002B61
:1043B00000D110BD074B9847074B98470748084B5B
:1043C00098470022024B1A70F3E7C046E550000000
:1043D00008030020D14D0000DD2B0000080401007F
:1043E000C1E1000070B50500024C2000024B984767
:1043F0006C6170BD2408002061320000BFF34F8F54
:10440000034A044BDA60BFF34F8FC046FDE7C04656
:104410000400FA0500ED00E010B5054B9847BFF326
:104420004F8F044A044BDA60BFF34F8FC046FDE75D
:10443000F15B00000400FA0500ED00E030B585B046
:10444000040001AB00220192FF21197103920A328C
:1044500000214068234B9847050023492068234BDF
:104460009847002809D022492068204B9847002807
:1044700036D0204B636105B030BD00221E491F4B72
:10448000EB188B42F5D801951D4B039313005A1E70
:104490009341013301AA137101221A4B1A701A4B6E
:1044A00098470128E7D100236A46137001335370FF
:1044B000937069460330154DA84769460520A84703
:1044C000134B9847134B984701A8134B9847002864
:1044D000D1D1124B9847124B9847124B6361CAE7F0
:1044E0000122CBE779E70000F80301004149000011
:1044F00000040100A4FC0000C8BBCE0718FCFFFFAD
:104500007D43000008030020E17D0000D509000084
:10451000292D0000F54D000069510000D14D00002B
:10452000DD2B0000B0FF000010B584B001AC20000E
:10453000074B98471C230193002363600233E37207
:10454000013BA37221000820024B984704B010BD24
:104550006D0500008105000010B500220821044807
:10456000044B984700210820034B984710BDC046D4
:10457000A54300002D0400005904000070B50B4C49
:1045800000230B4AA3540B4AA3540132A3520A4AF4
:10459000A3520A4BE01814220021094DA847094BE9
:1045A000E01814220021A84770BDC046780A0020F8
:1045B0004E0200004F0200005202000026020000DE
:1045C000AFE100003A02000070B505000C1E0FD0EC
:1045D0000A4E07E0FF212800B047FF3CA4B2FF3598
:1045E000002C05D0FF2CF5D8E1B22800034B9847EA
:1045F00002210348014B984770BDC046952D00002D
:104600003004010070B5082847D094239B00584A15
:10461000D35A9BB289229200934200D9A1E020286C
:1046200000D173E0524B942189005A5A92B2541C23
:10463000A4B25C5298544F481A5A013292B21A529C
:104640005B5A9BB2012B59D9494A535A023BD35C5E
:104650000D2B53D1535A013BD35C0A2B4ED113007F
:104660000C00525A023A00219954434D5A5D195A8E
:10467000023989B21132FF3252009A18D1805A5D44
:10468000195B185A091A89B21D32FF3252009A1862
:1046900051800121394A995430E094239B00344AD7
:1046A000D35A9BB2002B29D094239B00D35A013BB1
:1046B000D35C002B23D113002F49525C013AD2B2B4
:1046C0005A545A5C1132FF3252009A18D28892B270
:1046D00028481A525A5C1132FF3252009A180020B0
:1046E000D0805A5C1D32FF3252009B1858802049FE
:1046F000942292008B5A013B9BB28B5270BD1C4995
:104700001C4A8B5A013B9BB28B52F0E71A4B184A5A
:10471000D35CDBB2082B24D8130094218900525AB1
:1047200092B2501C80B2585200259D5412481A5C17
:10473000104C1E5BB6B21132FF3252009A18D6806E
:104740001A5C595A1E5B0139891B89B21D32FF322E
:1047500052009A1851801A5C0132D2B21A541D5379
:10476000CCE7074B984703210648074B9847C5E716
:10477000780A0020520200004F0200004E020000A2
:104780007D450000B0FF0000C945000070B503780A
:10479000002B0ED00400094E4425B0472378C018E2
:1047A00043781D4207D001342378002BF5D1012036
:1047B00002E0012000E0002070BDC0465DE1000085
:1047C000F0B5CE46474680B583B0804601920028BA
:1047D00019D00C001500471EFFB20137CF190F4E3C
:1047E0003023994603E001340235BC420BD02078D7
:1047F00010222900B04723780F2BF4D82B786B7048
:104800004B462B70EFE743465B0000220199CA54E8
:1048100003B00CBC90469946F0BDC0464DE1000087
:10482000F0B583B004000191114B984706002000B9
:10483000104B98470700B6B2052E15D80E4B98427C
:1048400012D82378002B0BD00C4D0426A8472378D0
:10485000C01843781E4207D001342378002BF5D1CD
:10486000019B1F80012000E0002003B0F0BDC04686
:1048700025E50000BDE00000FFFF00005DE1000055
:10488000F0B5D64600B58EB003900C00019200251D
:10489000184B9A4605AF184E09E03731E955019992
:1048A0002000B04704006B1C002809D01D000295B1
:1048B00001992000D0470929EFDC3031E955EEE7B6
:1048C000029B002B14DB05AB5B19039A04A9C81CDF
:1048D00019781170013B01328342F9D1029E0136F1
:1048E0000023039A935510000EB004BC9246F0BD0D
:1048F0000026F5E749BE00003DBD000070B584B05C
:10490000050016000A2200210A4B984704000A22DB
:10491000010001A8084B984701A92800074B9847B8
:1049200003000020B44201D904B070BD5842584180
:10493000C0B2F9E779E700008148000011E5000006
:10494000F0B5DE4657464E46C0B582B004000E00B4
:10495000002806D0002909D01C4B9B4603279A4605
:1049600011E000292FD00878404226E0007824E0AA
:10497000203501950FE0D3B2994519D12378002B4A
:1049800016D0013401362578D847401943783B408A
:104990000195012BECD06B461B7999463578D047B1
:1049A000401943783B402A00012BE4D12032E2E752
:1049B000FF20019F07401040381A02B01CBC9146EE
:1049C0009A46A346F0BD0020F7E7C0465DE100002F
:1049D00010B504000849094B98470023002801D16D
:1049E000180010BD06492000044B98470300581ECC
:1049F00083410133F4E7C04678FF000041490000DD
:104A00007CFF0000F8B5CE46474680B50700164B40
:104A1000984701380026072821D8041E1CDB0125F1
:104A2000124B9946442398460AE01A00303A402B2C
:104A300001D9373B1A006A43B6182D01013C0ED448
:104A4000C8473B5DC01842784146114206D0602BF2
:104A5000EBD9573B1A00EEE7002600E004263000B1
:104A60000CBC90469946F8BD25E500005DE10000CC
:104A7000F0B5DE4657464E464546E0B583B00400E5
:104A80000F00904608001F4B984783B25D08DA0775
:104A900001D4013DADB20020A34206D003B03CBC1E
:104AA00090469946A246AB46F0BD002C27D001AEF9
:104AB00000239A46144B994613E0302333703B1978
:104AC000013B1B787370013CA4B25346B370AB46F4
:104AD000C3443000C8475B461870013DADB2002C9E
:104AE0000BD0012CE9D93B199A1E12783270013B88
:104AF0001B787370023CA4B2E7E70120CEE70120E7
:104B0000CCE7C04625E50000054A0000134B1B68B2
:104B100001211A7E0A42FCD01A7ED20700D5986283
:104B200002211A7E0A42FCD004211A7E0A42FCD0DD
:104B30001A7E002052070AD55A8B520701D504224B
:104B40005A83064A9279012A03D0986AC0B2C0B249
:104B50007047986AC005C00DF9E7C04618030020E9
:104B600000B583B001A901234B7000228A700B703D
:104B70002F20024B984703B000BDC046D509000066
:104B800010B5054B1B68002B04D0044B9847024B13
:104B90001B68984710BDC04614030020E550000074
:104BA00010B5054B1B68002B04D0044B9847024BF3
:104BB0001B68984710BDC04610030020E550000058
:104BC00010B5054B1B68002B04D0044B9847024BD3
:104BD0001B68984710BDC0460C030020E55000003C
:104BE00010B5012202490348034B984710BDC04647
:104BF000CC0C002018030020A914000010B50022DE
:104C000002490348034B984710BDC046CC0C002016
:104C100018030020A9140000F0B5D6464F464646BA
:104C2000C0B590B001AC012666700025A570267055
:104C300021005220524FB84721003E20B8472100A2
:104C40003F20B84721002F20B8478022D2024D4B89
:104C50009A614D4B8022D2059A61802212069A6198
:104C6000802212029A61257021005320B84702ACBD
:104C70002000464B98473023029365602572E67208
:104C800021000020424B9A469847002200214148CB
:104C9000414B9946984700210020404B9846984741
:104CA0000B23029365602572E67221000B20D0472A
:104CB00000220B213A48C84700210B20C0470C2393
:104CC000029365602572E67221000C20D047002215
:104CD0000C213448C84700210C20C047324B98466D
:104CE0003F2342461370557095706670A57026700C
:104CF00021003F20B84743461A78D10900230029F4
:104D000004D15309DB0129498C4663441F2111401A
:104D1000012210008840986102AC227000230393A6
:104D2000049323746374A274E27423752332A3542E
:104D3000183A002108A81E4B98471E4BA3618023F8
:104D40005B02E3601C4BA36201235B42E3621B4BEB
:104D500023631B4B63631B4D22001B4928001B4B25
:104D600098472A68D369002BFCD1136802210B43B2
:104D7000136010B01CBC90469946A246F0BDC046D8
:104D8000D509000000290040802800406D05000082
:104D900081050000C14B00002D04000059040000F3
:104DA000A14B0000814B0000CC0C002000280040EB
:104DB000AFE1000080841E000500530005003E00A6
:104DC000050052001803002000100042CD11000021
:104DD000074B1A68D369002BFCD1136802210B43DF
:104DE0001360034B1A68D369002BFCD17047C0468F
:104DF00018030020064B1A68D369002BFCD18F33AF
:104E000013751376136802218B4313607047C046F5
:104E10001803002070B582B00A4CA0470A4D8026C6
:104E200036026E610120094B984701A900230B70DF
:104E300001224A708B702F20054B9847AE61A04726
:104E400002B070BD614B000080280040B1500000EE
:104E5000D509000070B504000D00054B984780206F
:104E60002043044CA0472800A047034B984770BD3F
:104E7000E14B00000D4B0000FD4B000010B504009D
:104E8000064B98477F202040054CA047FF20A047B5
:104E90000400044B9847200010BDC046E14B0000C1
:104EA0000D4B0000FD4B000070B504000E00150016
:104EB0000A4B984780202043094B9847002D0AD081
:104EC0003400013DEDB201357519054E2078B0472B
:104ED0000134AC42FAD1034B984770BDE14B00005E
:104EE0000D4B0000FD4B000070B504000E001500D6
:104EF0000A4B984720000A4B9847002D0BD03400EE
:104F0000013DEDB201357519054EFF20B047207007
:104F10000134AC42F9D1034B984770BDE14B00001E
:104F20000D4B0000FD4B0000022807D0042808D0DC
:104F3000012800D07047044B1960FBE7034B196050
:104F4000F8E7034B1960F5E70C030020100300207D
:104F50001403002001280AD0002908D002280AD111
:104F6000012908D180229201034B5A6103E080227B
:104F70009201014B9A61704700280040012801D03E
:104F8000002903D180229201014B5A617047C0462B
:104F900000280040022070470020704710B5802292
:104FA0009200034B9A610220024B984710BDC04605
:104FB000002800408101000080229200014B5A61CC
:104FC0007047C04600280040012802D002280CD0BB
:104FD000704704228023DB055A701A005378042B93
:104FE000FCD1BFF34F8F30BFF2E705228023DB05F2
:104FF0005A701A005378052BFCD1BFF34F8F30BF86
:10500000E6E7000010B584B001226B469A700023D9
:105010006946CB700A716A460B80013B0293039389
:10502000044C05492000054B98472000044B984745
:1050300004B010BDD00C002000200040850B000003
:10504000050A000010B50248024B984710BDC04643
:10505000D00C0020F50A000070B505000E000A4CC7
:1050600000212000094B9847082231002000084BFE
:105070009847002229002000064B9847082120006D
:10508000054B984770BDC046D00C0020B10A000007
:10509000210C0000210B00005D0C000010B5082160
:1050A0000148024B984710BDD00C0020A10C000015
:1050B00010B5002803D10120024B984710BD024BC8
:1050C0009847FBE7550100008101000010B5014B36
:1050D000984710BDAD01000010B5014B984710BDB9
:1050E000ED01000070B5164B1B78012B00D070BD90
:1050F0000022134B1A70134B9847134B98471349D0
:10510000134B9847134B984704000D00124B9847D8
:1051100020002900114B9847114B1B68002BE6D04B
:105120009E68002EE3D0FA2292000023200029007E
:105130000C4CA047B0470022094B1A60D7E7C04685
:10514000240300204550000035D10000D723F4414E
:10515000DDCA000019C200009D500000BD6A0000B9
:105160002803002019C1000070B5041E55D02C4B37
:105170001B780020002B00D070BD2A4B98470300FD
:105180000020002BF8D02368274A94466344274A1E
:105190009342F1D82379022B21D0012B25D0012570
:1051A0006D42204B984703000020002BE4D0204B99
:1051B000984728000A381F4B98471F491F4B9847AC
:1051C0001F4B98471F49204B98470122144B1A70D8
:1051D0001E4B1C6020791E4B98470120CCE71D4BCD
:1051E0009847431C17D00020C6E71A4B9847431C2A
:1051F0000BD0FA218900184B984703000A4A8118FE
:105200000A4A00209142B7D800E0144B25689D421D
:10521000C7D91D00C5E72568C3E70020ACE7C04635
:1052200024030020396C000018FCFFFFC8BBCE0728
:10523000896A000035D1000075130342DDCA000001
:10524000ADC10000E55000005950000028030020C7
:10525000C94F0000C56700003DBD0000B0BFCE07CC
:1052600070B5394C207963791B020343A07900049F
:105270000343E0790006184306220021334EB0476D
:10528000207963791B020343A07900040343E0798A
:105290000006184306222E492E4DA847207A637A2D
:1052A0001B020343A07A00040343E07A000618437C
:1052B00024220021B047207A637A1B020343A07A9C
:1052C00000040343E07A0006184324222249A84739
:1052D000207B637B1B020343A07B00040343E07B32
:1052E0000006184348220021B047207B637B1B0245
:1052F0000343A07B00040343E07B000618434822DD
:105300001649A8472000AF30FF300C221449A847A7
:105310002A23E356032B15DD03230B48FF252A24FC
:105320000279417909021143827912041143C27949
:1053300012060A4359008A1855700133DBB202572E
:105340009342EDDB70BDC0460C0D0020AFE10000C4
:10535000840401009DE1000058040100A404010040
:105360008C04010070B5364C207963791B0203432D
:10537000A07900040343E0790006184306220021C7
:10538000304EB047207963791B020343A0790004B3
:105390000343E0790006184306222B492B4DA8470A
:1053A000207A637A1B020343A07A00040343E07A65
:1053B0000006184324220021B047207A637A1B029A
:1053C0000343A07A00040343E07A00061843242232
:1053D0001F49A847207B637B1B020343A07B00047B
:1053E0000343E07B000618430C220021B047207BDA
:1053F000637B1B020343A07B00040343E07B0006A6
:1054000018430C221349A8472A23E356032B15DD22
:1054100003230B48FF252A2402794179090211430D
:10542000827912041143C27912060A4359008A187C
:1054300055700133DBB202579342EDDB70BDC046BD
:105440000C0D0020AFE100007C0401009DE1000094
:105450003404010098040100F8B5404C20796379C8
:105460001B020343A07900040343E07900061843BC
:10547000042200213A4EB047207A637A1B0203438C
:10548000A07A00040343E07A0006184318220021A2
:10549000B047207963791B020343A07900040343DA
:1054A000E0790006184304222E492F4DA847207AA0
:1054B000637A1B020343A07A00040343E07A0006E8
:1054C000184318222949A847207B637B1B0203430A
:1054D000A07B00040343E07B000618431822002150
:1054E000B047207B637B1B020343A07B0004034384
:1054F000E07B0006184318221D49A8472000AF3062
:10550000FF3004221B49A8472A23E356022B1FDD44
:10551000022302221149FF2700252A2608794C7907
:1055200024020443887900040443C8790006204318
:1055300054002018477058339B00CB185D729D7241
:10554000DD721D730132D2B2130088578242E5DB4F
:10555000FF213023014AD154F8BDC0460C0D002074
:10556000AFE10000040501009DE10000EC04010032
:105570000C05010008050100F0B5D6464F46464629
:10558000C0B5464C207963791B020343A07900041F
:105590000343E0790006184306220021404DA84746
:1055A000207A637A1B020343A07A00040343E07A63
:1055B0000006184324220021A847207963791B02A2
:1055C0000343A07900040343E07900061843062250
:1055D0003449354DA847207A637A1B020343A07AE9
:1055E00000040343E07A0006184324222F49A84709
:1055F0002A23E356032B48DD03210320274BFF26F4
:105600000025E12252009046B446993AFF3A92466C
:1056100042001C79A1465C7924024F4627439C79BD
:1056200024042743DC7924063C43A41866701C79C3
:10563000A1465C7924024F4627439C7924042743E2
:10564000DC7924063C43A5541C7AA1465C7A2402EA
:105650004F4627439C7A24042743DC7A24063C43A4
:105660001218920012195572424664469C545831E1
:10567000890059184D728D72CD720D730130C0B210
:10568000010052469A569042C2DBFF213023034A62
:10569000D1541CBC90469946A246F0BD0C0D00208A
:1056A000AFE10000480501009DE100002405010074
:1056B00010B50A233C2801D9180010BD8400024B04
:1056C000E35898470300F7E72C03002010B50A239E
:1056D0003C2801D9180010BD8200024BD3589847CE
:1056E0000300F7E71405002010B50A233C2801D970
:1056F000180010BD8200024BD35898470300F7E70B
:105700002004002010B500280ED005281AD0042847
:105710001ED0032822D00A2402280AD107212723D9
:10572000114AD154023C04E0012127230E4AD154EE
:10573000082427230C4AD056C1B2000E0B4B9847C1
:10574000200010BD01212723074AD1540824F0E787
:1057500001212723044AD1540824EAE70121272301
:10576000014AD1540824E4E70C0D00208D5B0000B1
:1057700070B50020144901240B794A7912021A43AA
:105780008B791B041A43CB791B0613431C5402303C
:105790009028F1D10C4C0022AC235B00E2540B4B5F
:1057A000E35C84229200A05C00021843C1B2000AAC
:1057B000074DA847074BE35C074AA05C000218436B
:1057C000C1B2000AA84770BD0C0D00200F020000F6
:1057D0008D5B00000D0200000E02000010B50028D5
:1057E0000AD001280BD005280CD004280DD002388F
:1057F00001280DD9082010BD074B9847FAE7074B41
:105800009847F7E7064B9847F4E7064B9847F1E7C8
:10581000054B9847EEE7C046615200006553000013
:1058200059540000795500007157000030B5531EDF
:10583000DBB2002A0BD00024C5182A78520022437C
:10584000CA542C78E409013BDBB2FF2BF4D130BD04
:1058500010B5024B9847002010BDC0463D5B0000CC
:1058600010B584B00400110010226846044B98471C
:1058700069462000034B9847002004B010BDC04685
:105880009DE10000615A000010B5014B984710BD22
:105890006158000000207047F0B5D6464F46464696
:1058A000C0B5A4B001900F00029103929A462CABB0
:1058B0001C8808AE102200213000644DA8478723C1
:1058C000F3731022002104A8A847019A390004A804
:1058D0005F4B984704AB1B787F2B2DD8102220A953
:1058E00004A85C4B984720AB1B787F2B34D8102240
:1058F0001CA920A8574B984723000F331D11AAB2AB
:105900009046002A38D0220738D14246013A120187
:1059100096B2514F1F40BE4254DA330010A920AA5C
:10592000981B80B25446E45C155C6C400C54013307
:105930009BB2BB42F4DB45E0102220A904A8454BF2
:105940009847002320AA08A9985C5D5C6840985499
:105950000133102BF8D1C6E710221CA920A83D4B1B
:10596000984700231CAA08A9985C5D5C684098547D
:105970000133102BF8D1BFE7012398460F232000F5
:10598000984300230F2214400CA90027802650447E
:1059900005E0944209D05F540133102B07D09AB22E
:1059A0009442F6D9C25C5A54F6E75E54F4E70023F9
:1059B00010A80CA91CAA5C5C9D5C6C401C540133B3
:1059C000102BF8D11022002118A8204B9847012352
:1059D0005B424344994600200027002B1ADD14AD9A
:1059E00018AC1E4E000100235044C25C195D4A40B1
:1059F0005A550133102BF8D1102229002000B0474E
:105A0000019A02992000124B98470137BFB2380023
:105A10004F45E7DB002314AC18A810A91A5C5D5CA5
:105A20006A401A550133102BF8D1019A029914A833
:105A3000074B9847102214A90398084B9847002059
:105A400024B01CBC90469946A246F0BDAFE10000D0
:105A5000615800002D580000F0FF0F009DE100008C
:105A6000F0B583B004000E002B4A01211170002311
:105A700053709170D3701371137228492848294BC1
:105A80009847002101AD284F70180023C25C5A5579
:105A90000133042BFAD1019BCB5104311029F3D1EE
:105AA0001F4D21492800214B98472A68137902216C
:105AB0000B431371002101AD1B4E60180023C25C23
:105AC0005A550133042BFAD1019B8B510431102913
:105AD000F3D1134D14492800154B98472D682B79A5
:105AE000022293432B710121022001E0114207D1D0
:105AF000EB79DBB20A001A401842F7D00243F5E70F
:105B0000094D290006480B4B984710222900200018
:105B1000094B984703B0F0BD240F00200034004229
:105B2000300F0020C50200000806002059030000C5
:105B30008D030000DD0300009DE1000070B5074DFE
:105B40002800074B9847074C2A0007492000074BBD
:105B500098472000064B984770BDC046240F002090
:105B600089020000300F0020003400423903000099
:105B7000A302000010B5034B98470022024B1A7095
:105B800010BDC046D96000001806002010B5144BA7
:105B90001A780023002A06D10201124B9B181A79A9
:105BA0000523002A01D1180010BD03010D4A9C589D
:105BB000002C11D01A000B4B9B189B68002B0DD0AA
:105BC00005230C28EFD8043B6354074A13540120E3
:105BD000064B98470023E6E70523E4E70523E2E7C1
:105BE00018060020480F0020380F0020B15D00008B
:105BF00010B5044B1B78002B01D0002010BD024BC8
:105C00009847FAE718060020A162000000B585B0A9
:105C100068460B4B984700200A4B98470223002800
:105C200002D0180005B000BD6B469A899208120296
:105C30000549D30FC817914243419B00F1E7C04685
:105C4000750900002D710000FF1F0000F8B50C0061
:105C50008023DB019C466044050280235B009A425E
:105C60000ED0043296B21E4F3300220029000020CD
:105C7000B847C3B2052BF7D00220002B0BD0F8BDDC
:105C80001E00174F3300220029000020B847C3B27E
:105C9000052BF7D0F0E72378607800021843A67848
:105CA0000434002E17D02500013EB6B20136A419E7
:105CB00000262B787340D9B20B014B40DBB29AB26D
:105CC0001B09D1004B401202360A324353409EB2A8
:105CD0000135A542EDD1801B461EB041C0B2CEE7D2
:105CE000BD6F0000F0B5C64600B580460C0001232C
:105CF000CB708A70FF2717400E1D002F17D0300081
:105D0000013FBFB20137F619002703787B40D9B2B3
:105D10000B014B40DBB299B21B09CD006B4009026D
:105D20003F0A39434B409FB20130B042EDD127705A
:105D30003F0A6770043296B28021C90141440902CA
:105D4000330022000020084FB8470223002803D068
:105D5000180004BC9046F0BD320021004046034BC1
:105D600098470300F4E7C046197000004D5C00003E
:105D700070B58023DB01C4182402054D2000A8471C
:105D800040B203000A33F9D0431E9841400070BD71
:105D9000CD08000070B50024044DA0B2A84700282B
:105DA00002D10134202CF8D170BDC046715D0000D5
:105DB00010B50400054B9847054B18782043187020
:105DC000044B98470820044B984710BDCD50000065
:105DD00019060020D9500000156C0000F0B5DE4611
:105DE00057464E464546E0B5C5B0802252000021D8
:105DF00004A8544B9847544B1B78002B12D1012414
:105E0000514A0094135D002B0FD10134E4B20C2CE5
:105E1000F7D90025280045B03CBC90469946A246DB
:105E2000AB46F0BD002300930024009B1A01474BB2
:105E30009B181979464A94466144C9009B685918D1
:105E4000082202A8434B984702ABDA799B79D21813
:105E5000053204A92000404B9847051E11D1009B34
:105E60001A013A4B9B181B790025002B4AD0374B5F
:105E70009946009B1E01B346CB44364B9A465F467B
:105E80001BE0032844D1EAE70021197002AB9A799C
:105E90005B799846A52303700123437082704346C3
:105EA000C37001710530029B01931900294B98477B
:105EB0000135EDB23B79AB4224D9E9005B469B68E2
:105EC0009C466144082202A8D04702ABD87915232A
:105ED00002AA944663449C4660444B46F3585B19BF
:105EE0001A78012AD0D0022AE2D100221A7002AB1D
:105EF00099795A79A5230370A43B43708170C270CD
:105F00000371D5E7F32204A92000144B984705003C
:105F100000220D4B00995A540134E3B20C2B00D9E6
:105F200078E7094AD25C002A08D107490133DBB27D
:105F30000C2B00D96EE7CA5C002AF7D00120084B71
:105F4000984767E7AFE10000380F0020480F0020B6
:105F5000FFFFFF1F9DE100007562000085610000EA
:105F6000B15D000010B50E4B1B78002B03D00C4B1D
:105F70001B78DB0701D4002010BD0A4B9847084C62
:105F80002378012293432370074B9847074B984788
:105F90002378002BEFD00820054B9847EBE7C0464D
:105FA00019060020CD500000D9500000DD5D000032
:105FB000156C0000F0B5124E37001A37114D124B18
:105FC0009C4601214942180002E00236BE4215D02B
:105FD0003388AB42F9D0DB0063441A00DB88D18000
:105FE000AB42F2D01A00DB00C318DB88D200841861
:105FF000E1801150A180AB42F4D1E6E7F0BDC0468C
:106000001C060020FFFF000038060020F0B5C64641
:1060100000B582B0844681884A002C4BD35A2C4A62
:1060200093422CD02B4AD80080586446E488A0467E
:10603000E400A658B04227D32FD0264ADD0006350B
:1060400050190190DB00D318DA88214B9A4228D0EE
:106050001300D0001F4C0059864226D21D4C1C4F05
:106060002000DB00991D6118E318DA88BA4219D0C4
:106070001300D5002D58AE421BD20191F1E7C28822
:106080004900124BCA5208E0124A1219D3806346E3
:10609000D9889B885B000D4A995202B004BC904697
:1060A000F0BD019943460B80F7E74900074D6B1897
:1060B00001930849019B1B88DB00CB184046D88020
:1060C0006346DB88DB00C918CA80E6E71C060020AF
:1060D000FFFF000038060020F0B5C64600B5C4B08A
:1060E000214B98470190002804D0019844B004BC8B
:1060F0009046F0BD802676001C4D3200FF2128001E
:106100001B4CA0471A22FF211A48A0473200002149
:1061100004A8A0470024184E184B984603E0013409
:106120000835202C1DD0A7B28022520004A93800C7
:10613000B0470028F3D104A9069B1B0A0A7B12066C
:106140001A432A60C8790B7A1B020343AB800121F2
:106150004942E980029202AA9380D7801000C0478A
:10616000DDE7074B9847C0E70D5C000038060020CC
:10617000AFE100001C0600204D5C00000D60000037
:10618000B55F0000F0B5CE46474680B583B0050048
:106190000F009046324E33000024324804E00134B0
:1061A000E4B20833202C55D019680131F7D1D988D1
:1061B0008142F4D19A888242F1D1A3B299467E7A83
:1061C000BB7A1B023343FE7A360433433E7B3606EA
:1061D0001E4301367E72320ABA72320CFA72320EE5
:1061E0003A73ADB2FD7100223A72A5233B71A43B14
:1061F0007B714346BB714246093292B23900484630
:10620000194B9847071E14D0380003B00CBC9046B9
:106210009946F0BD0134E4B20836202CCDD0326866
:106220000132F7D1F2888A42F4D1B3888B42F1D19E
:10623000C3E70B4BE400E6501C19A58001235B4229
:10624000E38000966B469D804A46DA806846074B9D
:106250009847D9E7064B984700240249DFE7C04634
:1062600038060020FFFF0000E55C00000D60000024
:10627000B55F000010B54000064BC35A064C032022
:10628000A34200D110BD093292B21800034B9847C7
:10629000F8E7C0461C060020FFFF00004D5C000030
:1062A00010B580225200FF210448054CA0471A2255
:1062B000FF210448A047044B984710BD3806002032
:1062C000AFE100001C060020955D000010B5064BF4
:1062D0001B78002B00D110BD0122044B1A70012045
:1062E000034B9847F7E7C04648070020BA11002043
:1062F000156C000010B582B024490A8892B20B8850
:1063000001339BB20B809A4203D9214A13680133AF
:106310001360EFF310835A425341019372B6BFF3F7
:106320005F8F00221B4B1A70019C1B4B1B68FF2BBD
:106330000DD01901194A5218527B002A07D1174A69
:106340008858124B1B889BB2020C9A420AD0FF233A
:10635000234205D001220F4B1A70BFF35F8F62B644
:1063600002B010BD80B2FF2809D90D4B98470A4BE7
:106370001A681201094B9B1801225A73E7E70122A0
:10638000084B1A700120084B9847E0E7B81100202D
:10639000BC11002008000020440700202810002025
:1063A0000DBC0000BA110020156C000070B504008F
:1063B000FF2830D0194B1B68194B1D882D04194B31
:1063C000984723012843184A9B58181A174B98429C
:1063D0001AD82201144B9B185B7B002B1DD1FF2880
:1063E0000BD9134B984218D880B2124B984724010E
:1063F0000D4B1C19012363730FE001220E4B1A7021
:1064000001200E4B984708E001220B4B1A70012027
:106410000A4B984701E00A4B984770BDBC11002019
:10642000B811002065BB000028100020FEFFFF7F90
:10643000FFFF00000DBC0000BA110020156C000029
:10644000B1BB000010B51D4B1B78002B27D00022DC
:106450001A4B1A701A4B1B78002B20D0194B1B6853
:10646000FF2B1DD0184B186818490B681A01184BE0
:106470009B1818730860164A13490B681B01D31840
:10648000187B0860114B1B681B01D218FF23137384
:106490000B4A1378013BDBB21370002B0BD110BDFC
:1064A0000A4B1B68FF2BDDD1074B1B68054A1360A5
:1064B000064A1360DFE7074B9847F0E7BA11002060
:1064C000480700203C070020440700204007002028
:1064D00028100020AD63000000230D4A13700D4A00
:1064E0001370FF330C4A13600C4A13600C4A13609C
:1064F0000C4B18009130FF30FF21002219721A60F6
:1065000010338342FAD10022074B1A707047C046FD
:1065100048070020BA110020440700203C07002053
:10652000400700202C1000203807002010B5084B31
:1065300098470023074A1360074A1380074B984780
:106540000748084B98470848084B984710BDC04675
:10655000D9640000BC110020B811002079BC0000F3
:10656000F5620000FDBC0000CD62000009BD000026
:1065700070B5054B1C68054B1D882D04044B9847CE
:106580002843210070BDC046BC110020B811002076
:1065900065BB000010B50400084B1B781420182BB5
:1065A00000D910BD064B9847044A13782370013375
:1065B0001370044B98470820F3E7C04638070020C3
:1065C000CD500000D9500000F0B5D6464F464646A3
:1065D000C0B584B007000D0016001C000A20182F5B
:1065E00009D8002B00D18CE03A01524B9B185B6814
:1065F0000B30002B05D004B01CBC90469946A24637
:10660000F0BD4D4B1B684D4B1888030498464C4B0E
:10661000984743460343002E03D0012E38D00A206A
:10662000E9E748490A202A00FF3AED188A42E2D8F1
:10663000EFF310835A425341039372B6BFF35F8F57
:106640000026414B1E70039B9946404B9847394B9F
:106650003A01D5509B185C600C9A9A605E733C4A74
:1066600013780133DBB213703A4B1B689A46FF2B49
:1066700016D06A4613701278354B1B78002B42D027
:10668000009200232B49884633488C46304C2AE040
:106690002800FF38C31A2B4A0A209342C8D9AAE718
:1066A0002C4B1F6038002D4B984736E0214B3C01A6
:1066B0001C19227301990901591800234B73924543
:1066C00005D0009B18011B4B1818077325E0214BC0
:1066D0001F603800214B98471FE00133DBB221785F
:1066E000C9B28B4210D2FF2AF7D00192110146465F
:1066F0008959691A8142D9D81101614400920A7BF3
:10670000EBE70A2077E700920A4B009A100118186D
:1067100007733F01DF19FF233B73FF2308204A461D
:10672000134200D167E70122074B1A70BFF35F8F56
:1067300062B660E728100020BC110020B8110020CC
:1067400065BB000000FFFF7F0800002045640000DB
:106750004807002044070020FEFFFF7FAD630000D4
:1067600003010348C0184068431E9841C0B27047F7
:106770002810002070B502010D4B9B185B68002BA0
:1067800014D00B4BD5580B4B1B680B4B1C882404A7
:106790000A4B98472043854205D3281A084B984254
:1067A00000D9002070BD013D281AF7E70020F9E765
:1067B00028100020BC110020B811002065BB00008B
:1067C000FEFFFF7F10B5054B1868FF2802D101209E
:1067D000404210BDC0B2024B9847FAE74407002080
:1067E00075670000F0B5DE4657464E464546E0B5B3
:1067F00083B02F4B1B682F4B1B882F4B9847EFF311
:10680000108253425341009372B6BFF35F8F002250
:106810002A4B1A70009C2A4B9847FF23234205D02D
:106820000122264B1A70BFF35F8F62B6234B9A4644
:10683000244C254B99460022FF20244B98461F4BA1
:106840009C4604E0434618601EE0002E25D11D4BF7
:106850001B68FF2B24D0EFF310814B424B41019377
:1068600072B6BFF35F8F53461A70019F23681B01F6
:106870004B44197B5E689D68AB4618735A609A60FA
:106880005A732160FF29DDD03842DED001236146F2
:106890000B70BFF35F8F62B6D7E75846B047CAE7C1
:1068A00003B03CBC90469946A246AB46F0BDC046FC
:1068B000BC110020B811002065BB000008000020BA
:1068C000456400003C0700202810002040070020FD
:1068D00010B5024B9847002010BDC046E567000088
:1068E00070B582B004000A20182C01D902B070BD26
:1068F000EFF310835A425341019372B6BFF35F8F97
:106900000022474B1A70019D464B9847464B1B7817
:10691000002B40D0444B1B78DBB2444A1668F1B2DE
:10692000002B38D08C420BD041480A018218127BD0
:10693000013BDBB2002B2ED0944201D01100F4E7D2
:10694000A6421DD03A4B22019A18127B0901591810
:106950000A732201364B9B18FF221A73324A1378AE
:10696000013BDBB213702401314B1C19002363601F
:10697000A3606373FF3308202B42B7D0012340E0AC
:106980002C4B984722012A4B9B18187B274B1860E9
:10699000294B9847DDE7294B1868C2B2FF2A2CD053
:1069A000944209D022491301CB181B7BFF2B24D022
:1069B0009C4201D01A00F6E7A0420DD01C4B2101E9
:1069C0005918097B10011B1819731D4B1B689C4239
:1069D000C9D11B4B1A60C6E7194B1B68984206D0F9
:1069E0000001134B1818027B144B1A60BBE7FF23FE
:1069F000134A1360114A1360B5E7FF232B420AD0F4
:106A000000230121064A1170BFF35F8F62B6002B8D
:106A100003D115206AE7152068E7082066E7C0461D
:106A200008000020456400004807002044070020BB
:106A300028100020B1BB0000AD6300003C0700201F
:106A400040070020F0B583B005000B4B1C68220105
:106A50000A4B9B185E689F68E4B22000084B984779
:106A6000082801D003B0F0BD0097330000222900B0
:106A70002000044CA047F5E7440700202810002020
:106A8000E1680000C965000070B5074B1C68074B42
:106A90001D882D04064B9847064B284318605C6000
:106AA000054B984770BDC046BC110020B8110020AE
:106AB00065BB000050070020F1BB000070B5224B01
:106AC0001C685D6800196941186059601F4B1960A6
:106AD000020C1F4B1A8080B21E4B1B781E4A127884
:106AE000002A12D000221D4C1B4D05E00132D2B20B
:106AF0002978C9B2914208D9FF2BF7D01B01195947
:106B0000091A1951E3181B7BF0E7154B98471548F4
:106B1000154B98471548164B98470F4B1B78002B81
:106B200009D00C4B1B68FF2B05D0124B9847FE2851
:106B300002D9114B984770BD0122104B1A700120E9
:106B40000F4B9847F7E7C04650070020BC110020C4
:106B5000B81100204407002048070020281000201A
:106B600079BC0000F5620000FDBC0000CD620000B1
:106B700009BD0000C5670000456A0000BA11002089
:106B8000156C00000A684B68C1000248401802609A
:106B9000436070471810002010B51020014B984733
:106BA00010BDC046156C0000F8B5164B1B889BB293
:106BB0001F2B22D9FEE70025134B984711490B885C
:106BC0000122AA4093430B80104B9847AD00104B15
:106BD000EB58984701213B889BB2002B11D02388AA
:106BE0000B42E8D1012233889BB2150013411942B0
:106BF000E2D10132052AF6D1EDE7024F3C003E001A
:106C0000E8E7F8BD58070020CD500000D95000003B
:106C10005005010010B50400044B9847044B188838
:106C200020431880034B984710BDC046CD5000004C
:106C300058070020D9500000034B188880B2434207
:106C40005841C0B27047C04658070020F0B5D6463C
:106C50004F4680B583B00192002902D1831F012BDA
:106C60002AD9072399461C00044001260E40012022
:106C70002B4B98470500070043B29A464B4603400A
:106C80005246D20F96420AD0002B1AD1002E1ED1A6
:106C900078272F4039000120224B98470023A34238
:106CA0000AD0002C30D0019B012B16D0F82139409E
:106CB000214301201B4B984703B00CBC91469A46D8
:106CC000F0BDF82101400120164B9847DEE77827F8
:106CD00053461F4080210F43DCE74120104B98476B
:106CE000002E0ED130210143C9B241200D4DA847DD
:106CF000F821394021430120A84701200A4B984739
:106D0000DAE7CF210140F0E7F82139400120054BB7
:106D10009847019B012BCFD10120044B9847CBE72B
:106D20007D4E0000554E000081010000B150000072
:106D300000B583B012200D4B98470D4BDB8A002B1A
:106D400007D00B4B1B69002B03D00A4A127892061E
:106D500005D402211220084B984703B000BD01A9B9
:106D6000202098470198054B9847F2E77D4E000098
:106D7000C011002082130020554E00002177000032
:106D800010B504001120044B98474008C0B240429F
:106D90002080002010BDC0467D4E000010B5014B84
:106DA000984710BDE1BC000010B5014B984710BDDD
:106DB00099BC000010B50248024B984780B210BD44
:106DC0005412002005290000034B10211A6811728B
:106DD0005A7E8A435A7670475412002070B50B4C85
:106DE000102523689D721800094B9847094B1B5CBE
:106DF0001F221A4001239340074A1360637E10222A
:106E00001343637623685D7270BDC0465412002040
:106E1000D92500006405010000E100E0034B0121D9
:106E20001A6811725A7E8A435A76704754120020AB
:106E3000064B1A681369002BFCD13333137293721B
:106E4000136802218B4313607047C0465412002020
:106E500010B5020000210248024B984710BDC04601
:106E6000541200204529000082B0EFF310835A42EB
:106E70005341019372B6BFF35F8F0022024B1A7029
:106E80000198C0B202B0704708000020002805D069
:106E90000122034B1A70BFF35F8F62B67047C04682
:106EA0000800002070B5334A002100231170D17012
:106EB000002091809071D37153709370137253724C
:106EC0009372D372137393735373137451619161FB
:106ED000137711625162118591853423D054353B6B
:106EE0005385254C25492000254B984700222549EC
:106EF0002000254DA847022224492000A8472068E9
:106F0000234B9847234B1A5C1F23134001210A008F
:106F10009A40214B1A60637E0122134363762268F4
:106F200051721369002BFCD1136802210B431360CB
:106F300000201A4B98471A4DA8471A491A4B9847F0
:106F4000041C1A4B9847A847011C201C184B984753
:106F5000FC218905174B9847002805D0FE2189059B
:106F6000201C154B9847041C201C104B9847C0B29E
:106F700070BDC0461C1200205412002000200042A8
:106F800015260000A96D0000F12400009D6D000091
:106F9000D92500006405010000E100E0B9220000ED
:106FA00035D1000000247449FDC60000ADC10000C9
:106FB0001DCD000005C10000D9C3000070B5002838
:106FC00022D11448047D0520E40700D470BD20249C
:106FD000FF3410480483002B19D001208143002086
:106FE00000255E1E05E0023080B2050002318342BA
:106FF00008D90C88A4B25455AE42F4D95519240AC4
:107000006C70F0E70020E1E708204042DEE7002056
:10701000DCE7C04600400041F0B5DE4657464E462C
:107020004546E0B5C5B0002868D19BB29A4688466F
:10703000FF23994300915346002B6BD004AB5B1A9E
:107040000293354E354B9B4603923AE00133BB42E7
:107050000ED2002AFAD09942F8D1039D2878029CDA
:10706000E0540131013A92B2280001300390EDE77B
:1070700092468846019C2A4B98470098D847052895
:10708000FBD000283DD1009D264F0194009BEC1AB7
:1070900004AB9C466444402221002800B8470528E0
:1070A000F9D000282DD14035019BAB42EED11E4BCB
:1070B0009847029B013BFF3B029300955346002BF0
:1070C00028D0009B5F1CFF371C00B9461F00E51B42
:1070D00004AB9C466544402229002000B0470528A7
:1070E000F9D000280DD140344C45F0D14F46009BDB
:1070F0009F42C0D9524641460194AAE70820404227
:1071000001E00820404245B03CBC90469946A2466A
:10711000AB46F0BD0020F6E74D080000CD080000AA
:10712000AD01000075070000ED01000000B583B05F
:10713000002810D100236A461370084A52686A4634
:10714000D37013715370023393706846044B9847A1
:10715000002003B000BD08204042FAE70040004193
:107160000D060000F0B587B06B4601252F4C1D7051
:1071700023006A46E9331B78694653702300E733DE
:107180001B782E20937003AA294B9847082804D017
:10719000284B9847002007B0F0BD2300FD331B7833
:1071A00001AE042B03D13000234B35709847234B9D
:1071B00003980499059A98472300FC33DD68204F13
:1071C000204B002D23D00122E25428782B7A421E36
:1071D000904169786A68C0B2B8472300CE331B88F3
:1071E00030003370184B7360184B9847002814D147
:1071F00021000E2284310B7893431A00022313439B
:107200000B7008229434237893432370C2E7E5542B
:107210002A002B0029002800DEE7220020219432DA
:1072200013788B431370034B9847EAE7AC140020A4
:10723000B1560000399F000081870000D19A0000FC
:107240009D9F00002A02000001170020FD7D000024
:1072500030B587B06A460023254C13702300E9330C
:107260001B7853702300E7331B7893702300FF33A0
:107270005B7F9B0607D5636FA26F134303D1230087
:10728000012280331A7003AA69462E20194B9847B1
:10729000082804D0184B9847002007B030BD174B82
:1072A00003980499059A98472300FD331B7801AD94
:1072B000042B04D1033B2B702800114B984700226C
:1072C000104BE254104B9847104B28706B6028000D
:1072D0000F4B9847002801D01B20DBE70E22843497
:1072E000237893431A00022313432370D4E7C04644
:1072F000AC140020B1560000BD950000D19A0000EA
:10730000818700002A02000099990000F1160020F0
:10731000FD7D000013B50C4B1B78082B11D0102BF2
:1073200001D0012B0BD16B469C1C210001A8074BFF
:1073300098470198002802D02178054B98470020F3
:1073400016BD044B9847FAE7F0160020C97F0000ED
:1073500041AC0000E9A5000010B5084B04009847B7
:107360000122A24006490B781343DBB20B70054B98
:1073700098470420044B984710BDC046CD500000EC
:107380005A070020D9500000156C000070B5012686
:107390000E4D15E000242B78234133420DD00C4BC9
:1073A00098473200A2402B78A40093432B70094BDE
:1073B0009847094BE3589847EAE70134032CEAD190
:1073C0002878C0B20028E5D170BDC0465A07002019
:1073D000CD500000D95000006C05010010B50B0025
:1073E0001F2800D969E004F09FFC1014191C2068C4
:1073F000272A2E3134373A3D5440434649512468B8
:10740000596868681768685C60632D4A127E1A7054
:1074100002E02B4A12681A60002010BD284A526808
:10742000F9E7274A928A1A80F6E7254A0332D27F83
:10743000EDE7234A0432FAE7214A0632F7E7204A09
:1074400036321278E3E71E4A0532F0E71C4A34323E
:10745000F7E71B4AD28AE6E7194A3332F1E7184ABE
:10746000D268D8E7164A9268D5E7154A3732E8E776
:10747000134A3832E5E7124A3932E2E7104A114935
:107480000232D27F1800104B9847C5E70C4A0232EF
:10749000CDE70B4A3232127852B2B8E7084A353299
:1074A000CFE7074906223C31ECE7054A5432C8E7EA
:1074B000034A56320021525EB5E70520ADE7C046CB
:1074C000C0110020D91100209DE10000F7B5714BDB
:1074D00004000D009847042301281AD11D2C00D95F
:1074E000D5E0200004F020FC44485C6064D3707751
:1074F00080848C90999CD3A0A8B1BAC269D3CAD316
:10750000D3D30FD3D3170323002D02D0624B1D61B9
:1075100000231800FEBD6C79002C09D15E4B1A00C7
:107520009C649C87DC874032413314701C70EFE709
:107530002F880323002FECD02E79002EE9D0FA20DB
:107540000222AB5E8000310001937843534B984791
:10755000534B9847534B98476B464F4D9B88A864B5
:10756000EB872B00AF87403341351E702C70CFE77F
:107570002A78494B1A76CBE74B4B2A68D1184B4BEC
:1075800099420AD94A4B4B49D3188B4205D94A49EB
:107590004A48511805238142BBD83F4B1A60B7E7D0
:1075A0002A683D4B5A60B3E72A883B4B9A82AFE783
:1075B000394B2A780333DA77AAE72A780523012A98
:1075C000A7D8354B0433F6E72A780523012AA0D83B
:1075D000314B0633EFE72A780523D11F022998D8CB
:1075E0002D4B36331A7093E72B4B2A780533E2E79D
:1075F0002A780523012A00D98BE7274B3433F1E79A
:107600002A88254BDA8283E72A780523511E03292D
:1076100000D97EE7204B3333E4E71F4B2A68DA605A
:107620002A681D4B9A6073E72A780523032A00D93C
:107630006FE7194B3733D5E72A780523511E1629F2
:1076400000D966E7144B3833CCE72A780523511E5E
:10765000162900D95DE7104B3933C3E70E4B2900DB
:107660000233DA7F1648174B984751E72B781A1CDC
:10767000082B00D90822084B02339CE705232A78FF
:10768000D11F994200D944E7034B3533AAE70523BC
:107690003FE7C046E17D0000C011002051BE000060
:1076A00095D00000ADC10000C08BD5F780D5430256
:1076B00080E58FE7C0C2DA0680EC9ECC80E36A09E1
:1076C000D91100209DE1000010B50C4B98470C4BE0
:1076D0001F2098470B4C0C490120A0470B49022062
:1076E000A0470B490420A0470A490820A0470A499F
:1076F0001020A04709492020A04710BD8D8500001B
:10770000ED7D0000294F0000797B0000F17B000037
:10771000617C0000B17C0000D97C0000017D00008C
:1077200070B50D490D4D0600A8470D4B04000A49E0
:107730003000984708020849A84724020419210C80
:10774000084DC9B20620A847210AC9B20720A84798
:10775000E1B20820A84770BD093D00003DBD000012
:1077600049BE0000554E0000F0B5B04C0022230089
:1077700085B00290343310001978AD4B9847AD4B6B
:1077800020689847E31C621DDB7FD27F5BB2AA4E64
:10779000AA4D002A00D0FCE01F1C0F2B00DCECE0FF
:1077A0000F277BB24D200193B047F8210840F439F0
:1077B00001434D20A8477BB2002B00DBE4E00337F8
:1077C000F9B2202739430920A847230034331F7812
:1077D000012F00D044E1217E3920A847984B1D207D
:1077E0001978230033331B7809015B001943E31D2B
:1077F000DB7F1F403943C9B2A847231DD97F04232B
:1078000089001940230035331B781E201B011943C2
:10781000029B9B059B0F1943C9B2A8470023E18A2D
:10782000994211D0864A1278082A00D1E4E0092A48
:1078300000D1E3E0072A00D0E3E07D335943230081
:1078400035331B78D9400B00D9B224207B4DA84793
:107850006B461F20197AA8472620B04723003533EE
:107860001B780C2B05D1230036331B78073B012BEB
:1078700006D9626B734B1340734A934200D0C2E047
:1078800008210843C0B2042101432620A847312023
:10789000B047F8210840F53901433120A8470A21B3
:1078A0003720A847230031331B78122B1ED1230029
:1078B00036331B78073B012B0BD83120B0477F2193
:1078C00001403120A84740212F20A8470021302027
:1078D000A847230036331B78092B07D13120B04746
:1078E000802149420143C9B23120A8473320B04723
:1078F000A31DD97F40238901984319400143C9B290
:107900003320A847A18A2020090AA847217D2120E9
:10791000A84700210D20A84700210E20A8470021DC
:107920000F20A847230031331B78122B20D12300CE
:1079300036331B78092B00D072E0444A236899182B
:10794000434A914262D802213620A84764213A2056
:10795000A847230036331B7865213A20092B62D1D2
:107960000634E37F012B5ED1A84719213B20A847AD
:10797000FF211220A84705B0F0BD5BB2033300DB46
:107980000FE7344B1F780CE77021019B1943C9B2F4
:1079900019E7012B07DD1427132B06DC1F1C112B05
:1079A00002DD112700E002277FB20B20B0470390D1
:1079B0004D20B04707239843C1B2142F12D1194369
:1079C000039BCB373B401F000F2301934D20A8475B
:1079D0008021019B49421943C9B20920A8473900B7
:1079E0000B20F1E6023F7BB2202704200193039B8A
:1079F00001431F43FFB2E9E7FA231FE7FA235B00C5
:107A00001CE719001BE7F72108403CE7124A9B18C6
:107A1000124A934204D802213620A8477F2196E7D4
:107A20000321362094E7A8471D219FE7C0110020BD
:107A30004D6C0000217700007D4E0000554E000087
:107A4000F611002000FFFF00000B070080EC9ECC29
:107A500080E36A097805010080E58FE7C0C2DA0695
:107A600063682C4918022C4B98470700010AC9B2D9
:107A70000420A847F9B20520A847274BA16827484A
:107A800098470700010AC9B20220A847F9B20320AB
:107A9000A84700215D20A847A18A2520090AA847F8
:107AA000217D2620A8479E210D20A847BF213520F3
:107AB000A8470A20B04723003733197860234901CB
:107AC00098430143C9B20A20A847231DDB7FC02188
:107AD000002B00D010313020A8470026A31CD97FEE
:107AE0008E420DD3002903D0102301391943C9B2A6
:107AF0002720A847FF213E20A847FF213F2039E744
:107B00003000A3192830597EC0B20136A847F6B21A
:107B1000E4E7C046093D00003DBD00000048E80123
:107B2000F7B50600064D40201F0014000191A8473C
:107B300004403C4101203470A847019B1870F7BDF8
:107B40007D4E000010B5FF211220014B984710BD5B
:107B5000554E000010B5012802D1054B984710BDC5
:107B6000FF213E20034CA047FF213F20A047F6E71E
:107B7000457B0000554E000073B56B46DC1D9D1D16
:107B8000C022062328002100124EB047237828780F
:107B90005AB2C0B2002A0BDA002804D0012805D05E
:107BA0000D4B984773BD0D4B9847FBE70C4BFBE71C
:107BB00000280AD1072213402370032B01D1094B5F
:107BC000F2E7052B02D1084BEEE70020074B984760
:107BD000E8E7C046217B0000457B0000FD820000F5
:107BE000018200007D82000079830000557B000047
:107BF00073B56B46DC1D9D1D302204232100280037
:107C0000114EB04722782B7851B200290CDADBB242
:107C1000002B04D0012B05D00C4B984773BD0C4BA7
:107C20009847FBE70B4BFBE70721DBB20A402270CA
:107C3000002B05D0012BF1D1032AEFD1064BEFE742
:107C4000064B052AEAD1EBE7217B0000457B0000CB
:107C500085810000316D0000AD7F0000117F0000C4
:107C600073B56B46DC1D9D1D0C22022321002800EC
:107C70000B4EB04723782A7859B2002905DA094B10
:107C8000022A0AD9084B984773BD07210B4023707D
:107C9000032AF9D1052BF7D1044B9847F4E7C046E6
:107CA000217B0000316D0000457B0000E17E00007B
:107CB00037B56B466846DC1D0322002321000630E1
:107CC000034DA84723787F2B01D9024B984737BD36
:107CD000217B0000457B000037B56B466846DC1D04
:107CE0000623C022C0182100034DA84723787F2B0C
:107CF00001D9024B984737BD217B0000457B00002E
:107D000037B56B466846DC1D30220423210006305F
:107D1000034DA84723787F2B01D9024B984737BDE5
:107D2000217B0000457B000010B50400054B9847FF
:107D3000054B188820431880044B98470220044BB9
:107D4000984710BDCD5000005C070020D9500000BE
:107D5000156C000010B50400044B9847044A1388C2
:107D6000A3431380034B984710BDC046CD5000007D
:107D70005C070020D950000070B50024104D01268A
:107D80002B88A34215D02B882341334213D0A64021
:107D90000C4B98472B88A400B3432B800A4B984781
:107DA0000A4BE35898472B88002B02D00220084B3F
:107DB0009847002070BD0134052CE4D1F9E7C04696
:107DC0005C070020CD500000D95000007C05010068
:107DD000156C0000014B18707047C04683130020DB
:107DE000014B1878C0B2704783130020024A137801
:107DF000184310707047C0468213002070B5104DB4
:107E000006002B780420012B18D10E4C23002F33B1
:107E100018780D4B98470D4B327871681A700C4BDF
:107E20003434196021780223002902D118003F2A36
:107E300004D82B700420074B9847002070BDC04623
:107E400083130020C0110020E168000074070020A7
:107E500070070020297D000070B51C4B0D0098476D
:107E60001B4C58342078C0B2002812D1002D07D006
:107E70001849194B3E2D06D82A00096898472570E5
:107E8000164B984770BD3F22096898473F232370DF
:107E9000F6E723789D42F3D022780E48AA1AD2B290
:107EA0000D4B3F2A07D8267822780168AA1AD2B249
:107EB00089190020E2E722780168002089183F2212
:107EC000984723783F33DBB2E1E7C046AD010000BD
:107ED000C011002070070020A94E0000ED01000035
:107EE000084B10B59847084B1A0034321278002A14
:107EF00004D1190058332C310A701A70034B98477B
:107F000010BDC046AD010000C0110020ED01000011
:107F100070B5224B9847224D2A002B002C32583343
:107F200010781978884205D11278002A02D01B787F
:107F3000002B1FD129002C310878C0B2002802D1B3
:107F40000122184B98472E002C002C3658343378D9
:107F500022789B1ADBB23E2B0FD823783278217817
:107F60000020521AA96AD2B2C9180E4B984733782A
:107F7000DBB223700C4B984770BD337822789B1A84
:107F8000DBB23F2BF6D92378A96A3F22C91800201B
:107F9000044B984723783F33EAE7C046AD01000021
:107FA000C0110020E94E0000ED01000010B5034BA8
:107FB0001978034B1868034B984710BD74070020CD
:107FC00070070020597E0000034B9A6A2C33026030
:107FD0001B7800200B807047C011002010B5084BA3
:107FE00001001A680748084C12180020A24204D861
:107FF0000533DB7F581E8341581C044B984710BD46
:10800000C011002080EC9ECC80E36A09554F00002F
:1080100073B5334B00209847324E334B30880028DD
:1080200000D104309847314C314D23003433197856
:10803000012922D12220A84700214020A847002161
:108040004120A84732882B4B002A31D1210005203E
:10805000343109789847E368002B0CD03288002A25
:1080600009D0FA2100222F34890020785943009248
:10807000214B224CA047002076BD230038331978CD
:108080001220A8472300393319781320A8470C2160
:108090004020A84700214120A84722000023563253
:1080A000138022002C321370220058321370C9E75B
:1080B0002200343211780022012901D10620C9E7BB
:1080C000110005209847FA2133888900594323007D
:1080D00000222E331878094D0092094BA847BAE7C1
:1080E000DD7F00006007002069770000C0110020DC
:1080F000554E00004D6C000039810000C96500003C
:10810000C981000010B5084B01001A680748084CE7
:1081100012180020A24204D80533DB7F581E834189
:10812000581C044B984710BDC011002080EC9ECC19
:1081300080E36A097D4F000010B50E4B1A78042ABF
:108140000BD120230C4A002011880B4313800B4BCA
:10815000984702200A4B984710BD1B78022BFBD191
:10816000054A0E33118801200B431380034B9847B7
:108170000120EFE783130020801300200581000019
:10818000297D000010B50A4B2F331878094B98470A
:108190000020094B984780211220084B9847402324
:1081A000074A022011880B431380064B984710BDE5
:1081B000C0110020E168000005810000554E00005C
:1081C00080130020297D000010B5084B2F3318784C
:1081D000074B98470020074B98478023064A022008
:1081E00011880B431380054B984710BDC011002028
:1081F000E16800000581000080130020297D000057
:1082000070B5144B2F331878134B98470120134B3C
:108210009847134B082112209847124B1A78124B9B
:10822000022A02D01A88920613D401201A88024327
:108230001A800E4B98470E4B98470E4C0E4D2268F5
:108240006368801A9941FA2200239200A8472060AF
:10825000616070BDC0110020E16800000581000070
:10826000554E00008313002080130020297D00005C
:10827000716500006807002019C1000070B5154B3A
:108280003F209847030724D5134B2F331878134BFF
:108290009847134B01209847124B134C1B78022B25
:1082A00002D023889B0614D4104B9847104D114ED2
:1082B0002A686B68801A9941FA2200239200B0471D
:1082C0000D4B2860696001209847042322881343DE
:1082D000238070BD7D4E0000C0110020E1680000C9
:1082E00005810000831300208013002071650000C9
:1082F0006807002019C10000297D000070B5122018
:10830000164EB047164B0500702112209847502397
:108310002B40502B19D1134C23002F331878124BBC
:108320009847124B0020984704341C20B047E27F46
:108330000F4B1049002A03D0AA0607D4420605D5E0
:1083400002201A8802431A80884770BD802218884C
:10835000520002431A800220F6E7C0467D4E00001C
:10836000554E0000C0110020E168000005810000AA
:1083700080130020297D0000F8B53F20394B984735
:10838000430759D5384C394D231DDB7F012B54D180
:108390000222104248D023002F331878344EB047C1
:1083A00023002E331878B047324B98472200230021
:1083B0002C32583310781978884205D11278002A67
:1083C00002D01B78002B18D121002C310878C0B2C4
:1083D000002802D10122284B984726002700583652
:1083E00030782C37C0B2002810D13A78A16AD2B2C6
:1083F000214B98473B78DBB23370204B9847204B9A
:108400000020984708232A88134311E03B783278EC
:108410009B1A002BF1DD33783A7831780020521A1C
:10842000A16AD2B2C918E3E7802329885B000B4315
:108430002B800220134B9847F8BD23002F330C4E9E
:108440001878B04723002E331878B0470E4E01221B
:1084500031000020084FB8473278A16AD2B200201C
:10846000B847CCE77D4E0000C011002080130020EB
:10847000E1680000AD010000E94E0000ED010000E0
:1084800005810000297D0000EC11002010B5084B8B
:1084900055331B78002B0AD1064B4B2098471021EF
:1084A0000143054BC9B24B209847044B984710BD78
:1084B000C01100207D4E0000554E00009D4F000071
:1084C00070B5104B04251C78E4B2012C18D12000A3
:1084D0000D4B98470D4B98470D4B280034331C70BB
:1084E0000C4B98470C4DA1213D20A8472100362078
:1084F000A84708211E20A8478B212000A847002557
:10850000280070BD83130020DD7F00008D840000F3
:10851000C011002069770000554E000010B5044BD3
:1085200055331B78002B01D1024B984710BDC04634
:10853000C0110020B94F0000F8B50E4B04201C7884
:10854000E4B2012C15D10C4D0022343529782000DD
:108550000A4FB84764200A4EB0470022297810001D
:10856000B8476420B0472000064B9847064B984711
:108570000020F8BD83130020C01100204D6C0000C6
:10858000B1500000058100001D850000F8B50125EF
:10859000644B654C1D70654B07222360644BA1182A
:1085A0006360644B2700A360230034331D702300F5
:1085B00036331A70E31CDD77230033331D7000233C
:1085C000CB770821A182210035310A70221DD57791
:1085D000621DD377A21DD3779421C122A176627642
:1085E000E2769139A21CD1773422227622007D31A5
:1085F00032321170504A7E39E260220037321170F7
:1086000022000931383211702200073139321170DD
:1086100022002C321370494AE382A26222004C32BB
:10862000138022004E32137022004F32137022004A
:108630004032137022004132137022005432137002
:10864000220055321570220058326364A364A38758
:10865000E387137030373B78002B51D13848394EBF
:10866000B047082849D13848B047082845D137488D
:10867000B047082841D13648B04708283DD13D7061
:10868000344B9847344B9847002807D12300553383
:108690001870324B9847230054331870304B98476A
:1086A0000122002110002F4FB84720682E4B984719
:1086B00042213B202D4DA8473B202D4B984720269B
:1086C0000640F9D123210C20A847AA211F20A84742
:1086D000FF213220A84740213120A8470122300045
:1086E0001100B847FF212320A847214B422098477B
:1086F0003134204B20709847F8BD1F4B9847BFE797
:1087000023002D331D4D1878A84723002E331878E9
:10871000A84723002F331878A84723005033187830
:10872000A847ADE783130020C0110020A027BE3367
:10873000A861000050C30000983A00008012002099
:10874000ED11002095650000EE110020EF110020D2
:1087500010120020154E0000994F0000954F0000A8
:108760008D8400004D6C000021770000554E000004
:108770007D4E00001D850000D9640000E168000006
:10878000F8B503780600244D002B1DD12B7804206A
:10879000012B18D1214C224F23002F331878B847D2
:1087A000230034331B78002B02D12E342078B847B5
:1087B00072881C4B08201A8004232B701A4B984790
:1087C0001A4B98470020F8BD2B780020012BFAD0D7
:1087D0002B780330042BF6D1104C114E23002F338D
:1087E0001878B047230034331B78002B03D12300C3
:1087F0002E331878B04700223434217810000C4B07
:1088000098470C4B9847012308200B4C2B70A0472E
:108810000220A047D6E7C04683130020C0110020E5
:10882000E168000060070020297D00008D840000C1
:108830004D6C00001D850000557D0000F0B5564EC2
:1088400087B0B047554C23002D331878544B9847C8
:10885000230041331B78534D002B22D01422A38FC9
:108860005343220040321370B04700204E4B9847CC
:1088700020684E4B9847230000264C3301221E806F
:1088800031004B4B3000984709211220A8470122A4
:1088900031000520464B9847230040331B78B342F4
:1088A00044D80120404B9847424B04209847424B04
:1088B000424E1F78012F46D131782220A847404BE5
:1088C0000A209847F0210840E83901430A20A847C8
:1088D00040210800A84700214120A847364B3A0014
:1088E00019783800324B9847364B32781968002097
:1088F000354B9847230034331978002203202C4B42
:108900009847324B9847324B18605960E368002B08
:1089100009D0FA2100222F3489002078594300928F
:108920002C4B2D4CA047002007B0F0BD2B4F2C4BFB
:10893000380098473E23E25E00217B5E9A4214DBBA
:108940000136F6B2A8E700214020A84700214120C7
:10895000A84723000020583331781870A847194BD6
:10896000317818681F4B9847C4E700201E4B984782
:108970001E4B98470723012203A90B701C4B1A704A
:108980001C4B1B789B0700D48BE72369002B00D17D
:1089900087E70220984784E78D840000C0110020FB
:1089A000E1680000554E0000DD7F000021770000E7
:1089B0004D6C000069770000F4110020740700205E
:1089C0007D4E000070070020A94E00007165000078
:1089D0006807002039810000C96500005E0700209B
:1089E000816D0000597E0000058100001D8500009A
:1089F0008313002082130020F0B5354B87B01A880E
:108A0000D206D20F00926A4610781A8801282BD11C
:108A1000304C1021270000258A431A803437020089
:108A200039782D4B9847E36803AE049335702A00DC
:108A3000294B3978280098476A46284B12781A70D3
:108A4000230058331D70264B1B785B0705D523691F
:108A5000AB4202D0310004209847224B9847224B6A
:108A60009847002007B0F0BDD20702D41A885207F9
:108A700027D5012604211A88164FB2431A801A8876
:108A800000248A431A80194B03AD1B682C70049391
:108A90003B0034331978220020000F4B9847144BC9
:108AA00098470E4B1E703B0058331C700C4B1B78C4
:108AB0009B07D6D53B69A342D3D029000220984713
:108AC000CFE71B889B05CCD50A4B9847C9E7C04622
:108AD00080130020C01100204D6C00008313002083
:108AE00082130020154E00008D85000068070020CD
:108AF0001D850000DDBA0000F0B5974B85B01C88DD
:108B00001A88A406E40FE0B2012826D1934D202153
:108B10002E008A431A80343602003178904FB847CD
:108B2000002231781000B8478E4B98478E4B2A00B0
:108B30001C7000232C3213702A0001A958321370C4
:108B40000B708A4B1B781B0704D52B690820002B60
:108B500000D084E0002005B0F0BD520602D41A888F
:108B6000120623D540211A887C4C8A431A801A8821
:108B700049188A431A8023000022343319781000E0
:108B8000774B9847774B98470122774B01A91A708A
:108B9000220000232C3213702200583213700B7005
:108BA000724B1B781B07D5D52369CFE71A8892072C
:108BB00071D502211A886E4D8A431A801320A84766
:108BC000664C002126002C3630706A4B0D209847E9
:108BD0003278694BD2B2A16A002098471920A84781
:108BE000230040B2323300283BDA4042801040423A
:108BF00018701A20A847230032331B7802B25BB2E8
:108C00005E4D002B36DA21685D4E8E19AE422AD8B1
:108C10009D3B1B1812119B18220056321380230013
:108C200000223433197810004D4B98474D4B98472C
:108C3000A36A01A94B6023002C331B7801220B721D
:108C400000230B70484B1A70484B1878C007C00FB0
:108C5000904200D07EE72369002B00D17AE7984745
:108C600078E78010C4E7474D4919474DA942D6D847
:108C7000A43BCEE7236842495918A94202D8030011
:108C80009D3BC7E73F495B183F498B42C7D8A43893
:108C90001311C318C0E71A881207D50F002A27DA64
:108CA00008211A882D4C8A431A80230080223233EF
:108CB0001A7023000022343319781000284B98478B
:108CC000284B9847A36A01A94B6023002C331B78DB
:108CD00022000B720023583213700B70224B1D7050
:108CE000224B1878C007C00F012800D032E7B2E746
:108CF0001A88D205D50F002A00DB2BE7174C1A88FB
:108D0000260022492C360A401A803278A16AD2B253
:108D10000020194B984723000022343319781000A3
:108D20000F4B98470F4B9847A36A01A94B603378C4
:108D300022000B720023583213700B700A4B1D7007
:108D40000A4B1B78DB0600D404E72369002B00D113
:108D500000E7102083E7C04680130020C0110020E8
:108D60004D6C00001D85000083130020821300203D
:108D70007D4E0000554E0000E94E000080E36A0978
:108D800080EC9ECC80E58FE7C0C2DA06FFFEFFFFD5
:108D90000E4970B50B00E03318780323A425434334
:108DA0000124FF2099330A4A5B18ED009A4200D152
:108DB00070BD1178FF2906D00A2903D826008E40FD
:108DC0002E4200D110700332F0E7C046AC140020F0
:108DD0004515002000220D4970B50B001000032539
:108DE000E0331C780A4ED3B29C4200D870BD2B00F1
:108DF00053439933CB5CFF2B06D0F318023B1B780F
:108E0000C3180F2BF2DCD8B20132ECE7AC1400200F
:108E10009305010013B56B46DC1D0023220023706F
:108E20000349044B0520984720780838C0B216BD86
:108E300093150020B1560000FA2370B59B000B4C2F
:108E4000002800D043432200094DD0320C210020DD
:108E50001380A8472300FA22D0331B8892009B1866
:108E6000D2340D2100202380A84770BDAC1400200F
:108E70008D5B0000F0B50500002687B00C880191DD
:108E80000392774F3B00E0331B78B34213D9039B27
:108E9000002B19D003237343FB1899331978FF294A
:108EA00012D0019B1A886F4BA21A5B18023B1B78E9
:108EB000D3180F2B08DD072200216B4B6B48984716
:108EC000019B1C8007B0F0BD03237343FB1899334B
:108ED0001B78981E0B2862D802F026FF9806A2275E
:108EE0004867A27D826161A6032300222B55631C83
:108EF0009BB2EB185A4F5E481A70395C0132114030
:108F00006A460291127A1A703A5C944602226146CD
:108F1000114202D002990A431A700422395C1142AC
:108F200071D019780A431A706DE0052303210022DD
:108F30002B55631C9BB27143EB181A70484A5118A9
:108F4000983188780007C00F18708978C7B2C906B1
:108F500002D5022139431970032171435218983206
:108F6000927892064FD519780422DBE704A9414B89
:108F70000E20984706233A4A2B55E8321178621C96
:108F800092B2A95404AA1278A31C11002031033410
:108F9000C9B29BB2A4B23F2904D92022EA540136B7
:108FA000F6B26EE73F210A40F8E7072303210022CB
:108FB0002B55631C71439BB2EB181A70284A521848
:108FC00098329178C90919709278C8B252061AD5A8
:108FD00002220243A7E70922631C2A559CB2DEE75E
:108FE0000A23032100222B55631C71439BB2EB180B
:108FF0001A701B4A521898329178C9091970D278A0
:10900000C8B2D207E4D40234A4B2C8E73B00FF22BE
:10901000E5331A700023E6373B70FD3A631CDCE74A
:10902000621C2B5594B2BAE701225242D317049224
:109030000593114B04A9F85C104B984701238D222E
:109040005B429200BB500432BB548C2301229B0034
:10905000FA5403237343FF189937A2183B78E0E7CB
:10906000AC14002093050100AFE10000CF160020F2
:1090700023020000DD73000031020000856B000058
:10908000F0B5324C042122009432137801208B4336
:10909000137022008432137887B0034307312C4FBA
:1090A00013700025B84723001521883328001D6060
:1090B000B84723002020FF335B7F264E03420CD0AD
:1090C000230004A980330D711D706567A567B04743
:1090D0000F21212069440D70B047230000258C33F7
:1090E0000A2101201D60B8472300CA331D802200D9
:1090F00023000E218432F6331D70137839208B4300
:1091000029001370B047230085331B789B070CD5CB
:109110002300FA2190331B68F034890020785943EA
:1091200000950D4B2A000D4CA0470D494A790B794B
:1091300012021A438B791B041A43CB791B06134383
:1091400001D00820984707B0F0BDC046AC140020FD
:109150008D5B0000E9560000A1920000C965000087
:1091600004180020F8B5040003260D001700094B71
:1091700010220021984732002900601C064DA847A4
:1091800032003900201DA847E01D02220349A847EC
:10919000F8BDC046AFE100009DE100007815002059
:1091A000F7B51E000B4C17000B4B05000191102268
:1091B0000021200098472670042665713200074D73
:1091C00008A9A01DA8472000320001A90A30A8471D
:1091D000E773F7BD75070020AFE100009DE10000D7
:1091E00037B501000500114C09310920A0472900BD
:1091F0000120A047291D0A20A0476B7A012B0BD123
:10920000290016200B31A047290007200A31A0476A
:1092100000200749A04737BD6B46D91D0323132003
:109220000B70A04703491220F4E7C046CD7400003C
:10923000AC1500209005010010B50B4C2200FD324A
:109240001278012A0ED121000E2084310A78EE34E2
:1092500082430A702078054B9847002802D0207876
:10926000034B984710BDC046AC1400206167000056
:10927000E1680000074B13B51A00FA21903212681A
:10928000890051430022F0331878034C0092034BBD
:10929000A04713BDAC140020C9650000A1920000D6
:1092A000174BA0201A00802110B58432128880004C
:1092B000890002408A421CD11A00E032107803244F
:1092C0000022D1B281420DD313D103224A4302219D
:1092D0009A18993211700F280BD81A000130E03219
:1092E000107006E02100013251439631595C022989
:1092F000E7D185331B789B0701D5024B984710BDFA
:10930000AC14002075920000F7B5374C060023001E
:1093100084331B780F255AB2002A0BDB033D5A0613
:1093200008D4033DDB0705D588239B00E75C002FAD
:1093300002D111252800FEBD00280FD100272300EF
:1093400088331B68013323D101208434A3780B2197
:109350000343A370254B98470D25EBE74378027A2A
:10936000013BDBB20192DF2B02D90A25002AE1D1B1
:109370001F4B98478446019B009063441D001D4B82
:1093800098478542DADD009B0E25002BD2D0D6E728
:109390002300FD331B78042B1DD02300FD331B78E5
:1093A000012B05D1230084331A780E231A42C0D131
:1093B0002300FC33002F13D10825DE608823002210
:1093C0009B00E25401200C4B9847202394342278D0
:1093D00013432370AEE7094B98470828A9D1DCE76F
:1093E00000221125DA60E9E7AC1400208D5B000053
:1093F000D58D0000158E000059730000FDB60000E9
:1094000010B50D4C2300FD331B78012B0ED122002B
:109410000E21843213788B431370084B0020984739
:109420000822943423789343237010BD042BF4D185
:10943000034B9847F1E7C046AC14002009930000A5
:10944000E17D000010B5044B0C21E73318700120BA
:10945000024B984710BDC046AC1400208D5B000045
:1094600073B56B46DE1D9C1DD8712170172031002D
:109470000C4DA847082807D10B4B32786E331A7071
:1094800000210738094B984721001820A8470828D1
:1094900007D10121044B2278F7331A700800034BDF
:1094A000984773BDCD560000AC1400208D5B0000C2
:1094B00010B5044B0A21E93318700020024B98477D
:1094C00010BDC046AC1400208D5B0000104B13B5DE
:1094D0001A00FD321278012A08D118000E218430BA
:1094E00002788A4311000C220A4302701A00DA3211
:1094F0001188084A084C9A5CF1338A1AFA218900CB
:109500005143002218780092044BA04713BDC04677
:10951000AC1400202B020000C965000055A5000016
:109520000F4B70B51A006E3211701A00040C6A32BB
:10953000108054801A00FD25FD321278023A2A422A
:1095400009D11A006F33733211701870020A000EBD
:109550005A709C70D8700021024B0120984770BD52
:10956000AC1400208D5B00000A4B1A00FD3212780B
:10957000012A05D119000E2084310A7882430A702D
:109580001A0000219433E43211701A7801318A43B1
:109590001A707047AC140020074B1A00FD32127885
:1095A000012A05D119000E2084310A7882430A70FD
:1095B0000022E3331A707047AC14002070B5154CCC
:1095C0000426250094352A782100B2432A70F0221F
:1095D00084310B7813400B702300FF335B7F9B06B5
:1095E00003D52300002280331A700B494A790B7986
:1095F00012021A438B791B041A43CB791B061343BF
:1096000000D098470023F93423700B21034B01202D
:10961000984770BDAC140020041800208D5B00003A
:10962000F0B585B005780400411C0422364B03A830
:1096300098476422039B03A91B021B0A534303930D
:10964000231D01932B071B0FDAB2009202AA961C6E
:109650006D063370D71C6D0F01202C4B3D70984761
:109660002B4C082809D12300E0331A7803235343F5
:10967000E31898339A781043987031000F20234EE6
:10968000B04708280AD12300E0331A780323534354
:109690001022E318983399780A439A7039001820F9
:1096A000B04708280AD12300E0331A780323534334
:1096B0002022E318983399780A439A702300E03304
:1096C0001A7803235343E31898339E78F30618D58A
:1096D000330716D5B606F60F012E12D12300F73345
:1096E0001D70310030000B4DA847009903980A4BBC
:1096F00098474023843462780B2113436370300011
:10970000A847019805B0F0BD9DE10000CD560000CE
:10971000AC1400208D5B00002195000070B503782B
:10972000461C0F2B0FD8094C0B2122000020983229
:10973000074D1370A8472023843462780B2113430C
:1097400063700120A847300070BDC046AC140020F3
:109750008D5B0000F0B589B0057802AB411C0700B5
:109760009D719E1D0422234B05A89847059B04A9C3
:109770001C026423240A5C433B1D01930123152032
:109780004B701D4B05940D70984708282FD102ABE4
:10979000DD1D00232B70337806AF3B712A003100AA
:1097A0000E30164B069498470A280DD02A78012AC5
:1097B0000AD1134B1900E0310878032141435B18AB
:1097C0009833D9780A43DA70390033200D4B984723
:1097D00008280CD10A4B1A00E032117803224A43C0
:1097E0009B1880229833997852420A439A700198C4
:1097F00009B0F0BD9DE10000CD560000B15600005B
:10980000AC140020E95600000F2213B503780F4C6A
:109810001A40A25C012401A90A701A115B112340AD
:10982000A340224013434B700419094B342098473E
:10983000082809D0074B1A00E032117803224A4366
:109840009B18FF2299331A70200016BDA505010050
:10985000E9560000AC1400200F22F0B50500037893
:1098600089B01A4005A90A7004AA961D1B095371F4
:10987000411C02223000354B984701222B1D0393D7
:10988000EB78334F334C5B065B0F00933B5D06A9CF
:10989000934392189343023293433B556B461B7894
:1098A00036880B7037202C4B4E809847082816D1ED
:1098B0006B461B7807A98B701430284B0E80984795
:1098C00001223B5D102013433B5504AB591D224B35
:1098D0009847082803D102223B5D13433B5505AF4F
:1098E0001D4B39001D209847194B082803D104222D
:1098F000195D0A431A550722195D114091421DD185
:10990000174A70249E549A18360A567004AA507941
:10991000892292009854EA78124812090A40195C88
:109920001201A1430A431A54E978613CD2B22140A2
:10993000A2430A431A5439780B4A995404490B4AF2
:1099400003988B5C01338B5409B0F0BD9DE100009E
:10995000AC14002023020000CD560000E9560000A0
:109960002702000029020000250200002602000054
:1099700010B5010004000422044B054898478E23CB
:109980002179044A9B00601DD15410BD9DE1000067
:10999000E0160020AC1400207FB51022234D244B8C
:1099A000FF320021280098470023224C2B70224BC5
:1099B000E35C002B06D021490620214EB047214907
:1099C0000720B04700235C20C11A615CEA1801330C
:1099D0005170082BF8D100236420C11A615CEA1889
:1099E00001335172082BF8D1CC342388162101336E
:1099F00023800020144B984721000222134C144866
:109A0000A0471323134E009332002B000021124D68
:109A10001248A8473100042203A8A047042203A942
:109A20000F48A047172004B070BDC046F1160020B3
:109A3000AFE10000AC1400202D0200000115002051
:109A400095580000091500208D5B00009DE1000085
:109A5000021700207507002099580000F11400201B
:109A600004170020F0B587B06B460026DC1DD871C6
:109A70009E726A460123D372152203AD114F0091E5
:109A80006A4421002320AE80B847162221006A4490
:109A90002420B847172221006A442520B847009B9C
:109AA00028000393084BAE8098470A236B441900A3
:109AB000064C1420A0470B236B4419000620A04736
:109AC00007B0F0BDB1560000E1910000CD74000078
:109AD000F0B5172500231626012787B001AC6D4489
:109AE00001902B702000104B6E440291039237704E
:109AF0009847E3790D4C002B0AD00D4B0D4A0E49C7
:109B0000D7540B200D4B98470A210B206944A047DE
:109B100003A90420A04731001420A04729000620F3
:109B2000A04707B0F0BDC046E1910000CD74000031
:109B300022020000AC140020CD160020DD730000CE
:109B4000012330B5464C89B002A90B702300E933DC
:109B50001B784B702300E7331B788B702300FD3399
:109B60001B78012B08D120000E2284300378934308
:109B70001A000C231343037005AA2E20394DA84761
:109B80002300082835D1FD331B7803AD042B08D101
:109B9000902300229B00E254012328002B70324BBB
:109BA00098470598314B0699079A98472300CE337A
:109BB0001B8828002B702E4B6B602E4B984700287B
:109BC00009D10E228434237893431A0002231343CD
:109BD000237009B030BD0022274B2849E35CFC34D8
:109BE0005943274B2078C918264B0092264CA04792
:109BF000EFE7FF335B7F9A0715D503AA2349262099
:109C0000A847039B5A1C01D014330393FA211A4B23
:109C1000039AE35C8900D31A00225943F234207876
:109C200000921B4BE2E75B0708D503AA17493220D5
:109C3000A847039B5A1CE9D00133E6E72300012221
:109C400094331B781A4008D10B4B0C49E35CF23477
:109C500059430B4B2078C918E2E70E4B9847B8E7F9
:109C6000AC140020B156000081870000D19A00009A
:109C700001170020FD7D00002B02000018FCFFFFF3
:109C800080841E00999C0000C96500009315002087
:109C9000519D0000CD94000030B5224C01252300D9
:109CA0008BB003A90D70E9331B7807AA4B70230012
:109CB000E7331B782E208B701B4B9847082821D147
:109CC00004A81A4B057098470798194B0899099AE8
:109CD00098472300CE331B8805A80370154B4360BB
:109CE000154B984700281AD02300FD331B78AB4250
:109CF00008D121000E2284310B7893431A000C23E3
:109D000013430B7000220D4B0D49E35CFC345943A7
:109D10000C4B2078C91800920B4B0C4CA0470BB091
:109D200030BDC046AC140020B15600008187000051
:109D3000D19A000001170020FD7D00002B020000D9
:109D400018FCFFFF80841E00999C0000C96500007C
:109D5000F0B53A4C8BB02300CE331B8805AF3B7077
:109D6000374B03A9069301230B7023002600E93328
:109D70001B78E7364B70337807AA2E20314D8B7055
:109D8000A84708282BD1012304A803702E4B98471D
:109D900007982E4B0899099A984738002C4B9847FA
:109DA00000281AD02300FD331B78012B08D1210095
:109DB0000E2284310B7893431A000C2313430B704B
:109DC0000022244B2449E35CFC345943234B207884
:109DD000C918234B0092234CA0470BB0F0BD224B77
:109DE0009847224B22499847FA239B00C918230021
:109DF0000491FF335B7F9A0715D504AA3100262012
:109E0000A847049B5A1C01D014330493114B049AA5
:109E1000E35CFA21D31A00228900F23459432078F6
:109E2000144B0092D7E75B07F0D504AA310032202B
:109E3000A847049B5A1CE9D00133E6E7AC14002084
:109E400001170020B156000081870000D19A000060
:109E5000FD7D00002B02000018FCFFFF80841E0027
:109E6000999C0000C9650000C9E200001DC0000007
:109E7000D1070000519D0000F0B50700012489B012
:109E8000069310AB1D880B09049105920393039B65
:109E90009C4207D90F26049B33401E1E26D100206A
:109EA00009B0F0BD129B220000930699012305988A
:109EB0001E4EB0471E4E0E9A012130001D4B984792
:109EC0000028EDD1631E1B01FB180793079B2A187E
:109ED000195C835D92B25940119B0130995410284E
:109EE000F4D110350134ADB2E4B2D0E7129B2200B8
:109EF00000930699012305980C4CA0470C4C0E9A30
:109F0000012120000B4B98470028C9D1039B1B015E
:109F1000FB18075D195C2A187940119F92B2013035
:109F2000B954C2B29642F4D8B9E7C046A191000034
:109F300075070020615800008823012270B50100D8
:109F4000134C14489B00E2544278037812021A43DF
:109F500083781B041A43C3781B0613430ED02200D8
:109F60000425FC329068284208D0D068002805D02B
:109F70002200FF32517455730749984788239B008C
:109F8000E35C002B02D00023FC34E36070BDC046CC
:109F9000AC14002004180020B8150020F0B51027DC
:109FA0008DB0069304AB9F831E23089204AA9B18CE
:109FB000002510220AAC07900991FF322900CF4EEC
:109FC0002570CF481D80B0473A002900CD48B047E2
:109FD0001F22237807991340A9423ED09F3A13438A
:109FE0002370C94B8132943319780A431A70E022E6
:109FF0002378C34813402370C34C0374DC3AC34B2B
:10A000001130611C9847152304AA938323008433DD
:10A010001B7800269B0600D42BE1BD4B1A78BD4B64
:10A020001B789A4200D224E12200CA32138880278A
:10A0300001339BB213802200DC3212787F423D1C38
:10A0400093420ED12300F6331E7040251023943422
:10A0500022783D43134323705AE040221343237078
:10A06000C5E7934254D92500AB4AAC4B31003C20A4
:10A070009847A94BE9352A781B789A421BD02200D1
:10A080002100F6321378DD310133DBB21370097829
:10A0900001398B4234DB23001670FF331878A04B54
:10A0A000984731002A009D4B352098470A213000FF
:10A0B0009C4B9847C9E7964B1A78964B1D78AA4255
:10A0C00000D1C9E021002000F6310B78DD300133EA
:10A0D000DBB20B7000780138834211DB0E70AA42AC
:10A0E0000ED91B2304A9013A5B188A4D1A700794F4
:10A0F0001B2604ABF6182A7833789A4200D897E0EA
:10A1000010224025804B3D43943319780A431A703E
:10A110007D4E02213200943213780B4203D020206E
:10A120008B430543137010239D433300E0331B78AA
:10A130000793002B03D0069B002B00D09FE00F233A
:10A140009D430BAC27886E4B781C80B2DD55C01840
:10A1500002226E4B74499847079B03372780002BD8
:10A1600000D193E0069B002B04D00122210064481B
:10A170006E4B98476946242009182388604A09785D
:10A180005D1CD154069BADB22580002B00D181E02F
:10A1900050190899069A5D4B98476B46197E3368AB
:10A1A0003200180A337988321B0603430493544B58
:10A1B00002950393012301935D4B08980093136864
:10A1C0005C4C0022A047002802D020205A4B984720
:10A1D0000BAA13880699CB1813804B4C0BAE2100A9
:10A1E00023683288180A2379103A1B060343009328
:10A1F0008831D2B2492309680020504DA847404F0A
:10A20000102240493800414B984733883D4A00931B
:10A2100002213B004A4D4B48A84736880422F019DA
:10A2200038493A4B98470C3ECE3426800DB0F0BDED
:10A2300031001020444CA047082800D060E73100CE
:10A240000930A0473378082853D02A789A4200D39F
:10A250004EE7013B33704BE7220010234025943238
:10A260001178FF340B4313702078384B3D439847E7
:10A270004EE710229434237800259343EBE6344BC9
:10A2800098470F2318409D4305435AE7069B002B30
:10A2900000D06FE71C4D2B00E0331B78002B9CD0C7
:10A2A0001E262C4F04ABF6180022310038001F4B3D
:10A2B00098472B683178180A2B792A001B0603432C
:10A2C00004930F4B883203932388380002930223B0
:10A2D00001931C4B174D009313680022A8470028D8
:10A2E00002D02020144B9847238832889B18238063
:10A2F00073E7079CE734237002E7C046AFE1000034
:10A30000F116002075070020AC1400209DE100002C
:10A31000931500209F15002096150020B1560000CF
:10A32000055700008D5B000034150020758E00007D
:10A33000E1140020799E0000399F0000A1910000E7
:10A3400099580000D1140020CD560000DD570000C0
:10A35000D58D000070120020F8B50F4E9C46757820
:10A3600034782D022543B47824042543F478240658
:10A370002C4310D0094D02272E00FC36B3683B4217
:10A3800009D06346FF357061B1616F736A76AB7651
:10A390000349F068A047F8BD04180020AC14002061
:10A3A000B8150020F8B5254C07002300FD331B78B5
:10A3B0000D001600012B36D122000E2184321378B5
:10A3C0008B4313701E494A780B7812021A438B781C
:10A3D0001B041A43CB781B06134323D022002021F1
:10A3E000943213788B4313702300FD331B787878F5
:10A3F0009C46FA78B9783B79674609020143100414
:10A4000008431B061843320008232900042F12D1E9
:10A410000C4DA84788239B00E35C002B02D1082049
:10A42000094B9847F8BD042BCCD12300F1331878A1
:10A43000064B9847C6E7064DA847EBE7AC1400204B
:10A440000418002009B80000399F0000E1680000EE
:10A4500059A3000013B5334C230094331B7822001A
:10A46000DB074BD52300E432E23312781B789A42A3
:10A4700036D82D4BE35C002B32D02300FD331B7804
:10A48000012B19D121000E2284310B7893431A003D
:10A490000C2313430B702300DA331988234B00225B
:10A4A000E35CF134CB1AFA218900207859430092F9
:10A4B0001F4B204CA04713BD042BFCD11E4B9847CB
:10A4C000CE340D30238880B2834202D81B4B98478C
:10A4D000F1E70E201A4B98471A4B98471A4BF6E7AC
:10A4E0001220174B9847174B9847FD34164B984747
:10A4F0002378042BDFD1154B9847DCE72300E332A8
:10A50000E13312781B789A4203D8074BE35C002BA7
:10A51000DCD10F4B98470C4B98470820084B9847C5
:10A52000C9E7C046AC1400202A0200002B0200003C
:10A5300055A50000C9650000158E0000419B000074
:10A54000399F000069950000918D0000E17D0000B9
:10A550009995000010B51C4C230084331B787F2B89
:10A560002DD82300FD331B78042B02D1174B9847BD
:10A570001EE0012B1CD122002300E432E2331278CA
:10A580001B789A4215D8124BE35C002B11D0114B6B
:10A590009847CE340D30238880B2834201D80E4BC9
:10A5A000E5E70E4B98470E4B98470E200D4B98470A
:10A5B00010BD0A4B98470A4B98471220F6E7074B05
:10A5C0009847074BD3E7C046AC14002055A40000C1
:10A5D0002A020000158E0000419B000069950000D2
:10A5E000918D0000399F0000244B10B51A00843271
:10A5F000127851B2002927DB1900FD3109780429AE
:10A6000008D103390A4205D09022920099541C4B7C
:10A61000984710BD0E2110000840062807D184334A
:10A620001A788A43110008220A431A70F1E70420BD
:10A6300094331B78034202D0124B9847E9E7D307C3
:10A64000E7D5114B9847E4E71048417802780902B2
:10A650001143827812041143C27812060A43D8D0FB
:10A66000882101208900585419000424FF31FC334B
:10A670004C7348740649D8689047CAE7AC14002068
:10A68000CDB70000BD95000055A4000004180020BF
:10A69000B8150020F7B56B46DD1C00232B70902306
:10A6A000294C9B00E15C0600230000292FD0733366
:10A6B0001B782B702300226F6F331B781102194314
:10A6C0002878224B98470023220001AF3B70FD32CF
:10A6D0001278042A30D1220084321278D2072BD586
:10A6E00090229200A25C9A4226D07B803800184BC0
:10A6F0009847041E0AD0174B9847174B9847174B9B
:10A700009847002E02D02000154B9847F7BD943390
:10A710001B785B070BD52A000920124B98472200B3
:10A7200023006C3211886A331B880904C7E72300B1
:10A730006E331B782B70F2E76B4629009A1D0320BD
:10A74000084B9847D2E7C046AC140020659A000039
:10A75000818700006995000099950000918D0000A7
:10A76000399F0000B15600000C4A10B51300FD33AC
:10A77000197813000A4C8433042905D18820033941
:10A7800080001154203011540E211A7800208A4381
:10A7900011000A220A431A70A04710BDAC14002011
:10A7A00095A6000070B5C37982791F4C1B02134334
:10A7B00022008B218C3210888900138098420FD898
:10A7C000615C002907D001238B401268013B1A42CB
:10A7D00001D0082070BD0A21144B01209847F8E7EA
:10A7E00020008E30038801330380615C002905D08E
:10A7F00001238B401268013B1A4203D10A21012038
:10A800000A4B984723008C331B680133E1D10125A3
:10A810008434A3782B43A370054B98470B21280061
:10A82000024B98470D20D5E7AC1400208D5B00004B
:10A8300069A70000094B1A00F43211781A00E732B8
:10A840001078884200D911701A00E733F332127879
:10A850001978914200D21A707047C046AC1400209B
:10A86000F0B58DB0077802AB0600DF71411C594B83
:10A87000042208A89847089B574C1D0264232D0A00
:10A880005D43731D019323000895FF331B78023B42
:10A89000012B00D892E0337904A9009300231520FE
:10A8A0004E4E0F704B70B04708282BD16A4602AB52
:10A8B000DB79127806AF0AA906383B707A700B7103
:10A8C0000A95B047082801D0002D0BD12300E033B2
:10A8D0001A78032353438022E3189833997852421D
:10A8E0000A439A7039001220B04708280AD1230081
:10A8F000E0331A78032353434022E31898339978BE
:10A900000A439A702300E0331A7803235343E31871
:10A9100098339B78DA09012A50D15B064ED5304E28
:10A92000002D4ED006A91220B04707AD0AA900207D
:10A93000B0472A00002114202A4FB84723002A7864
:10A94000F3331A7023006A78F4331A70FF34264BFD
:10A950009847637F9B070ED5162402ABE418D91DD8
:10A9600022001E20B84702ABDB7909A98B7023882F
:10A970001E200B80B04702ABDB7905A90B700123C9
:10A9800016204B70164B984709AD00212A00154B35
:10A9900014209847104C2A782300F3331A702300B0
:10A9A0006A78F4331A70104B984704238434627821
:10A9B0000B211343637001200C4B984701980DB095
:10A9C000F0BD02ABDB7905A916200B704D70B047C6
:10A9D000DAE7C0469DE10000AC140020CD5600002F
:10A9E000E9560000B156000035A800008D5B00005C
:10A9F0000023F0B50700032587B002900391009370
:10AA0000039A029B944663440193674E9F425CD332
:10AA1000664BF35C002B00D07AE0380007B0F0BD45
:10AA200032007978E53211703200B978E632FC1CD8
:10AA30001170FF226B43F31899331A7003E0200062
:10AA40005B4B9847040032002900E03213785943E9
:10AA5000761899363178FF2903D00F2B01D80133AE
:10AA600013702700CCE72000524BEAE72000524B3E
:10AA7000E7E72000514BE4E70F237878BC1C18402F
:10AA80004F4B984732008023843251785B420B430E
:10AA900053700B214B4B01209847D4E720004A4BC1
:10AAA000CFE72000494BCCE72000494B98473300C3
:10AAB000E03304001B78BCE7FF226B43F3189933A3
:10AAC0001A700123019C0093BDE7009B002B9FD1CE
:10AAD00033002A00E0331B7801245A43B2181000D7
:10AAE000983081789932A14321408170C178A14387
:10AAF000C17039783C191170387802380B28DBD8CE
:10AB000001F008F98E9DB1B4A1B7BACCCFDADAD290
:10AB1000304BF35CDB435B0700D07EE72E4B05AD8B
:10AB2000F45C00212407240FE3B200932B4B2A008E
:10AB3000F35C1420019389239B00F35C0293284B60
:10AB4000984733002A78F3331A7033006A78F43365
:10AB50001A70244B98470198234B984732000823DA
:10AB6000843251780B4353700298204B984733003E
:10AB7000E2B2E133002A0ED11C701321114C0020E7
:10AB8000A0471022084B0120843359780A435A7099
:10AB90000B21A04741E7009A013AD2B21A70330064
:10ABA000E2331A70E9E7C046AC1400202602000028
:10ABB000599800001D9700002196000061A8000030
:10ABC000398E00008D5B0000099800005597000049
:10ABD00071990000230200002902000025020000F4
:10ABE000B156000035A80000B19400004594000063
:10ABF00037B56B4618705970162069460C4B98474C
:10AC00000400082811D101AD2A000021094B1420AD
:10AC10009847094B29781A00F33211706A78F43397
:10AC20001A70064B984720003EBD0A24FBE7C04639
:10AC3000E9560000B1560000AC14002035A8000011
:10AC4000F0B5C44B93B01B7807005AB20691C24CC2
:10AC5000002A01DA00F086FC01781F220E009643DC
:10AC6000202E00D0AEE12278002A01D000F066FC50
:10AC7000220094321278520701D400F05FFC069B48
:10AC8000013BDBB20793B54B9C46079B002B2CD1B5
:10AC9000069B60461D1FEBB20093B14A3B0007992B
:10ACA000B04EB0470422AE49AF4B10A89847109E53
:10ACB00079190422AC4B10A80D969847109AA64B10
:10ACC0000E21B24229D01A00843212780A400A2A90
:10ACD00005D0062A06D1F9331B78002B02D01820A4
:10ACE000A24B9847A24B9847D0E1069B079A0021B8
:10ACF000981A381862469F4B9847002806D09B4BFD
:10AD000098479B4B98471F2013B0F0BD079B102B13
:10AD100001D9103BB5E70790B5E71A0084321278E5
:10AD20000A40062A03D1EC331878934B98473A7AB5
:10AD3000FB7912021A437B7A01201B041A43BB7A67
:10AD40001B061343190A6370A170190C1B0EE170E6
:10AD500023710F240321894B9847387B884B20406F
:10AD60009847F87A874B41060007490F000F98472C
:10AD7000854B00213B209847069B212B00D08CE07F
:10AD80001A2504ABED182A00804B8149072098470B
:10AD90002B78FF2B00D180E05023A34308933B0086
:10ADA0000D3306930026032206996F4B0EA80E96CC
:10ADB000984764230E9904AA59434A3B9B18187874
:10ADC000079B0E911818C0B2D076B14200D1A7E00F
:10ADD0006B4620229B181B7810AD0BAC287110918C
:10ADE00020706370290002206A4B9847082840D1E0
:10ADF00029003000644B98470CAD2100624B1220B3
:10AE0000984731002A00614E1420B047524C2A78EE
:10AE10002300F3331A7023006A782225F4331A7062
:10AE20005D4B984704ABED181B2304A95B18190070
:10AE30002A001E20B0472300FF335B7F9B0708D505
:10AE400004ABDB7E0FA98B702B881E200B804E4B32
:10AE500098471B2304AA9B18187801214F4B984749
:10AE60000422843463780B21134363700120434B25
:10AE70009847079B0133DBB20793069B0333069386
:10AE8000079B052B8ED10422334B01208433597844
:10AE90000A435A700B21394B9847414D7E1C0437A9
:10AEA00028003A0031003F4B984702232A4C2800E3
:10AEB00063752A4A013B00213B4DA847002803D077
:10AEC0002A4B98472A4B984705212C4B012098473D
:10AED000364D3A0028003100324B984701232800B4
:10AEE00063711E4ADB1800212F4DA847002803D0AC
:10AEF0001E4B98471E4B9847204B04210120984732
:10AF00002B4BE35C002B17D02A4902202A4CA04788
:10AF1000002808D0154B9847154B98472320F3E697
:10AF20001E4B9847A5E725490120A0470028F1D1ED
:10AF3000234B98470820E7E6200021001022153116
:10AF4000094D3530A8472000611D10222530A84743
:10AF5000EEE7C04630150020AC140020F1140020AC
:10AF600075070020995800009DE10000BD95000084
:10AF700069A7000061580000E16800008D5B0000D7
:10AF8000398E000061940000E9560000B1560000BF
:10AF900093150020CD56000035A80000F1AB00004D
:10AFA000C11400206591000089580000B1140020F0
:10AFB0002D020000D114002095580000E11400205B
:10AFC00081900000BF22603E164000D0B6E201250D
:10AFD0002B4200D1B2E22279236812061B0A1A43DF
:10AFE0002300E0331E7007928278437812021A43DE
:10AFF000C3781B041A4303791B061343079A9A422A
:10B0000000D1CCE204AB2135ED18027A49092B00BE
:10B01000DA4EB047082831D13C2329784B431D0034
:10B020003535FF352D19E4182300FC33586B9B6D23
:10B030000893FB79BA791B02134322005532FF3281
:10B0400016889E4208D95734FF3423880133238061
:10B05000FB79BC791B0223431380069B00901A1FC7
:10B060003C234B43C649D2B2C918FC314923896DF0
:10B070000120C44CA04701230793A6E20E22C24B35
:10B080001B7813400A2B08D0062B01D00A203BE680
:10B090002300F9331B78002BF8D020221E20943493
:10B0A000237893432370B94B1BE622000221A6E2CA
:10B0B000089B8C321360E3E2079BB14C002B00D05D
:10B0C00024E26A462300127FE3331A707B797F2BD8
:10B0D00009D9220020238432117801200B431370F8
:10B0E0000B21AB4B98477B79DB0605D52200082363
:10B0F000943211780B4313707B795B0605D52200DF
:10B100001023943211780B4313701F223B78934322
:10B11000A02B05D12200943211789E3B0B43137073
:10B1200079790B0700D1D4E00907090F7B181B7A46
:10B13000002B00D1A9E03800964B08309847012336
:10B14000060007937879069903071B0F1A000C3243
:10B15000914200D1F1E03278C91AC9B208920A00CE
:10B1600019330C3A9C46089BD2B20692751C844A4D
:10B17000002B00D1B0E01368100012791C0A1206EF
:10B1800022430492844A634603926A469384938CD2
:10B1900001220293814B8C300D3901920093036898
:10B1A000C9B228007E4CA047002804D07D4B9847A8
:10B1B0001F20764B9847724C00232200CA3213801E
:10B1C0002200F632137022001021943213788B4340
:10B1D000137023000122843359780A435A700E22D7
:10B1E0001B781340062B04D12300EE3318786E4BE6
:10B1F00098472500012294352B78134200D107E1AE
:10B200007B791F32134200D1E8E0684B9847230056
:10B21000012184335A788A435A70089A002A00D14F
:10B2200093E0069A31003800614B9847564B544DD5
:10B230001B78DB0600D460E120225E4B1B781A40AD
:10B24000069200D059E10A32134200D155E12B0099
:10B25000F5331B780FA94B702E000123E7360B70D6
:10B2600033780EAA2F20544F8B70B84707900828C8
:10B2700000D0FBE0514B069898474E4B079A1B783D
:10B2800093434C4A137001203EE523000E22843381
:10B290001B781340062B01D1494B984749494A78FE
:10B2A0000B7812021A438B781B041A43CB781B06C7
:10B2B000134308D022002021943213781E208B43A0
:10B2C0001370324B98470023E0342370354B984776
:10B2D000D9E73E00083635E7069B002B31D003073F
:10B2E000D3D10D391368CCB211001279180A1206A5
:10B2F00002430492284A634603926A461383138BDF
:10B300008C310293022301932F4B012200930B688F
:10B3100028002100224EB047002804D0214B984736
:10B320001F201A4B98471B4B2100280098470023E9
:10B3300006930133079300263DE7002608960696FC
:10B3400039E7069B08931E0035E720212A788A43B7
:10B350002A702200FD321278012A37D11A78123968
:10B360008A431A708823064A9B00D35C002B00D0C6
:10B370005CE70820054B984758E7C0463DB80000F9
:10B38000AC140020A191000030150020399F00006E
:10B390008D5B0000F1A9000070120020E114002074
:10B3A000799E000069A70000E1680000699500002F
:10B3B000A5A3000040150020B1560000099300002D
:10B3C0003992000004180020D1140020042AC9D1A9
:10B3D0002300F1331878AB4B9847C3E7079B002B4A
:10B3E00013D02300FD331E78012E0ED1A64B9847B3
:10B3F000220084325378B343537020222B78934336
:10B400002B7088239B00E35CB0E7A04B98470DE7C7
:10B41000089A002A0BD0069A310038009C4B9847B6
:10B4200022000121843253788B435370FEE62022A0
:10B4300093432B702300FD331B78012B0ED1220088
:10B440000E21843213788B43137088239B00E35CB6
:10B45000002BE5D108208F4B9847E1E7042BF4D16E
:10B460002300F1331878874B9847EEE7FF356B7F61
:10B470009A0720D510AA31002620B847109B5A1CE5
:10B4800001D01433109321000E2284310B789343A2
:10B490001A000C2313430B707F4B109AE35CFA21C4
:10B4A000D31A002289005943EF347C4B2078009254
:10B4B0007B4CA047E7E65B0700D4E4E610AA310026
:10B4C0003220B8470E22774B1B7893431A000C2387
:10B4D0001343744A1370109B5A1C01D0013310930C
:10B4E0006D4B109AE35CFA21D31A00228900F234E2
:10B4F000594320786C4B0092DAE7FD352B78042B0A
:10B5000000D0C0E63800694B9847BCE690239B000A
:10B51000E35C002B09D0222304AA9B181B783A0075
:10B5200006993800624CA047ADE620229434237877
:10B530001E2093432370574B9847C7E60E221340B3
:10B540000A2B08D0062B00D0A0E52300F9331B7886
:10B55000002B00D19AE520229434237819209343BC
:10B560002370A0E553494A780B7812021A438B786E
:10B570001B041A43CB781B06134300D183E64E4BC2
:10B580004E4C1B78102B05D101000020069A0C3B75
:10B59000A04778E600230100069A1800F8E78C34EB
:10B5A000236831000893464B9847082801D0FFF7DD
:10B5B000ABFB069B28001A1F079BD2B200932168A1
:10B5C0004923404CA047404D0796404E404C102226
:10B5D0002100404B30009847069B3900043B1A007D
:10B5E00009933D483B4B9847069B079A0C339BB207
:10B5F00000933300002A00D157E522000421374C84
:10B600002800A04704223249324C0DA8A047099BCC
:10B610000422F91810A8A0470D9B109A934200D15C
:10B620004AE5079B002B08D10E222D4B84331B7853
:10B630001340062B01D12B4B98471E494A780B78B3
:10B6400012021A438B781B041A43CB781B06134350
:10B6500001D1FFF747FB224A2020110094310B78DB
:10B6600083430B70079B002B00D121E5222304A903
:10B670005B1819783C234B43D318089AFC339A651E
:10B68000182010E5E168000069950000CD940000E5
:10B69000A5A30000399F00002B02000001940000C8
:10B6A000C965000030150020519D000035B700002D
:10B6B000B1B8000004180020F016002059A30000C3
:10B6C000A5A70000A1910000D11400207012002055
:10B6D000750700209DE100008012002099580000AD
:10B6E000AC140020399200000221034B94331A78E5
:10B6F0008A431A707047C046AC140020882310B5E6
:10B700000A4C9B00E35C002B08D00E228434237883
:10B7100008201340022B00D1112010BD94235B00A0
:10B72000E05C034B98470028EFD1F5E7AC1400200C
:10B73000616700001F2273B503781C4C9343A02B54
:10B740000CD194267600A05D194B9847051E19D0A0
:10B7500022000221943213788B431370210084312C
:10B760000B780E2218001040062803D19343043AA8
:10B7700013430B70902301229B00E25400200D4BD9
:10B78000984773BD0C4BA65D98470C4B0C499847E6
:10B79000FA239B00CB18FA218900594300952A000F
:10B7A000084B3000084DA847D8E7C046AC1400202D
:10B7B0006167000095A60000C9E200001DC00000FE
:10B7C000D1070000E9B60000C96500000C4A10B5B9
:10B7D0001000843003780E2419002140062907D177
:10B7E0000822A343134303700020064B984706E04A
:10B7F0000A29F9D188239B00D35C002BF4D010BD1B
:10B80000AC14002095A60000F8B51F009423160084
:10B81000074A5B000400D05C064B0D0098470028E7
:10B8200005D120003B0032002900034CA047F8BDA1
:10B83000AC1400206167000059A30000F7B59C46D6
:10B8400000240A23184FE5B201952E25FF357D5DB2
:10B8500001262541354222D08678457836022E438E
:10B86000C5782D042E4305792D0635433C266643C5
:10B870003136FF36BE59B54211D10C4D2E78062512
:10B880002E420CD0002A0AD0467969352E4206D1C4
:10B89000032904D16D4663462D791D7008230134B8
:10B8A000042CD0D11800FEBDAC140020A915002036
:10B8B000F0B515003C225A4389B007913F490690E4
:10B8C0008918FC31CC6D086E8A6D844224D2002127
:10B8D000944202D88242924151420A2700291DD146
:10B8E000364A0E211000843003781C000C40062CD0
:10B8F00008D11400FD342478042C03D18B4304397F
:10B900000B430370902301219B00D15400202C4B4A
:10B910009847380009B0F0BD9442DBD83C245C4322
:10B92000264EEA7937193B00A979120255330A43AA
:10B93000FF331A800521234BFC37002098477B6B8F
:10B9400045340493204B079903931923FF34029342
:10B95000A419163B069800940D390193C9B2BB6D2A
:10B9600001220930194CA047002802D01F20184B93
:10B970009847184908274A780B7812021A438B789F
:10B980001B041A43CB781B061343A9D020229436FC
:10B990003378069993433370AB786878BB400343A0
:10B9A000E878079A0004034328790C3A0006184304
:10B9B000D2B2C9193B00084CA04791E7AC14002053
:10B9C00095A600008D5B000070120020799E00009B
:10B9D000399F00000418002059A300007FB51C4CBB
:10B9E000250023004F35297840330131C9B2297031
:10B9F0001B788B4215D30E266E44164B30009847A9
:10BA00000023F25E2B785343626C9B18636423001F
:10BA10000022503318780092A16C0F4B0F4CA047B6
:10BA20007FBD80230E4A9B00108803431380636C04
:10BA300058004B1E59430B4B89B2984723004C3397
:10BA40001880002301202B706364074B9847E7E7B9
:10BA5000C0110020816D0000DDB90000C965000043
:10BA60008013002051BE0000297D000073B5124BE9
:10BA700098470020114B9847114D124B286800241D
:10BA800098472B00104E4C330122210020001C80CF
:10BA9000B0470E4B09211220984750352200210053
:10BAA0000520B04728780A4B0A4D009422000A4925
:10BAB000A847200076BDC0468D840000DD7F0000D1
:10BAC000C0110020217700004D6C0000554E000091
:10BAD000DDB90000C96500002823000030B5184A10
:10BAE0001849138885B00B4013800022164B1100B3
:10BAF000100098470020154B9847154B9847154C58
:10BB000023004C330021595E3E23E25E124B9142EA
:10BB100006DA02209847114B9847002005B030BD47
:10BB2000072201AD01202A7098470D4B1B789B0717
:10BB3000F3D52369002BF0D0290002209847ECE7C9
:10BB400080130020FFFDFFFF4D6C00000581000009
:10BB50001D850000C0110020D57D00003D8800003B
:10BB600082130020F8B50D4B98470D4B1B78002B26
:10BB70000ED00C4B1D780A4B1F780B4C291CA0478C
:10BB8000061C0A48291CA0477843301880B204E0FC
:10BB9000044B1978044B984780B2F8BDB56D00008E
:10BBA000880700200C18002051BE0000FFFF000095
:10BBB00008B5054B9847054B9847054B00225A603E
:10BBC0001A81044B984708BDC96D0000696E0000DA
:10BBD000880700208D6E000008B5034B98470022AF
:10BBE000024B1A7008BDC0461D6E00008807002079
:10BBF00008B5034B9847034B9847034B984708BD3C
:10BC0000B1BB0000D9BB0000316E000010B5041CB0
:10BC1000134B9847134B1A7862438118124B5960A3
:10BC20005968090C59605B68002B07D00E4B5968A6
:10BC30000132801818810D4B984704E082180A4B96
:10BC40001A810B4B9847084B1B89632B02D864332E
:10BC5000054A1381044B1889064B984710BDC0460E
:10BC6000B56D00000C18002088070020C96D000089
:10BC7000DD6D0000516E000008B50022034B1A7004
:10BC8000034B9847034B187008BDC0468807002037
:10BC9000A56E00000C18002008B50E4B5B68002B49
:10BCA00007D00C4A5368013B5360002B01D10A4B6B
:10BCB0009847084A13780133DBB21370074A1278A9
:10BCC0009A4206D8034B00221A70DB68002B00D082
:10BCD000984708BD88070020DD6D00000C18002083
:10BCE00008B5044B9847044B1B69002B00D09847BC
:10BCF00008BDC046C96D000088070020014BD86010
:10BD00007047C04688070020014B18617047C04645
:10BD10008807002002B471464908490009564900C5
:10BD20008E4402BC7047C04602B4714649084900BF
:10BD3000095C49008E4402BC7047C046002243089B
:10BD40008B4274D303098B425FD3030A8B4244D3E3
:10BD5000030B8B4228D3030C8B420DD3FF22090225
:10BD600012BA030C8B4202D31212090265D0030BE4
:10BD70008B4219D300E0090AC30B8B4201D3CB03DA
:10BD8000C01A5241830B8B4201D38B03C01A52411C
:10BD9000430B8B4201D34B03C01A5241030B8B421E
:10BDA00001D30B03C01A5241C30A8B4201D3CB0209
:10BDB000C01A5241830A8B4201D38B02C01A5241EE
:10BDC000430A8B4201D34B02C01A5241030A8B42F1
:10BDD00001D30B02C01A5241CDD2C3098B4201D309
:10BDE000CB01C01A524183098B4201D38B01C01A87
:10BDF000524143098B4201D34B01C01A52410309FE
:10BE00008B4201D30B01C01A5241C3088B4201D3AC
:10BE1000CB00C01A524183088B4201D38B00C01A59
:10BE2000524143088B4201D34B00C01A5241411A80
:10BE300000D20146524110467047FFE701B500208D
:10BE400000F0F0F802BDC0460029F7D076E7704751
:10BE500003460B437FD4002243088B4274D303096B
:10BE60008B425FD3030A8B4244D3030B8B4228D30C
:10BE7000030C8B420DD3FF22090212BA030C8B4232
:10BE800002D31212090265D0030B8B4219D300E0D2
:10BE9000090AC30B8B4201D3CB03C01A5241830B57
:10BEA0008B4201D38B03C01A5241430B8B4201D307
:10BEB0004B03C01A5241030B8B4201D30B03C01A30
:10BEC0005241C30A8B4201D3CB02C01A5241830AAA
:10BED0008B4201D38B02C01A5241430A8B4201D3D9
:10BEE0004B02C01A5241030A8B4201D30B02C01A03
:10BEF0005241CDD2C3098B4201D3CB01C01A52416A
:10BF000083098B4201D38B01C01A524143098B42F2
:10BF100001D34B01C01A524103098B4201D30B01DB
:10BF2000C01A5241C3088B4201D3CB00C01A524100
:10BF300083088B4201D38B00C01A524143088B42C5
:10BF400001D34B00C01A5241411A00D2014652415E
:10BF5000104670475DE0CA0F00D04942031000D37D
:10BF60004042534000229C4603098B422DD3030AD2
:10BF70008B4212D3FC22890112BA030A8B420CD3E2
:10BF8000890192118B4208D3890192118B4204D30B
:10BF900089013AD0921100E08909C3098B4201D38B
:10BFA000CB01C01A524183098B4201D38B01C01AC5
:10BFB000524143098B4201D34B01C01A524103093C
:10BFC0008B4201D30B01C01A5241C3088B4201D3EB
:10BFD000CB00C01A524183088B4201D38B00C01A98
:10BFE0005241D9D243088B4201D34B00C01A52416F
:10BFF000411A00D20146634652415B10104601D3FC
:10C000004042002B00D54942704763465B1000D385
:10C01000404201B5002000F005F802BD0029F8D02B
:10C0200016E770477047C0468446101C62468C462F
:10C03000191C634600E0C0461FB501F05FF90028F7
:10C0400001D40021C8421FBD10B501F0B9F840422B
:10C05000013010BD10B501F051F9002801DB0020BE
:10C0600010BD012010BDC04610B501F047F90028F1
:10C0700001DD002010BD012010BDC04610B501F04B
:10C08000D9F8002801DC002010BD012010BDC046F9
:10C0900010B501F0CFF8002801DA002010BD012012
:10C0A00010BDC0468446081C6146FFE71FB500F07E
:10C0B000D3FC002801D40021C8421FBD10B500F0F8
:10C0C00065FC4042013010BD10B500F0C5FC0028F1
:10C0D00001DB002010BD012010BDC04610B500F0EE
:10C0E000BBFC002801DD002010BD012010BDC046B2
:10C0F00010B500F071FC002801DC002010BD01200B
:10C1000010BDC04610B500F067FC002801DA002021
:10C1100010BD012010BDC046002B11D1002A0FD147
:10C12000002900D1002802D00021C943081C07B40F
:10C13000024802A14018029003BDC046E9FEFFFF7D
:10C1400003B4684601B5029800F086F8019B9E464C
:10C1500002B00CBC7047C046F0B5CE464746150449
:10C160002D0C2E0080B50704140C3F0C9946030CCF
:10C170007E435D43674363437F19340CE4199C4657
:10C18000A54203D980235B029846C4444B465143E1
:10C1900043433604360C250C24046544A41959186D
:10C1A000491920000CBC90469946F0BD9E2110B55F
:10C1B000C905041CFFF7A6FF002803D1201C00F0CE
:10C1C00049FF10BD9E21201CC90500F0A7FD00F00D
:10C1D00041FF80231B069C466044F2E770B50022B5
:10C1E0000C4B04000D00FFF753FF002804D1200082
:10C1F000290001F07BFE70BD064B002220002900C3
:10C2000001F05EFB01F072FE80231B069C46604439
:10C21000F1E7C0460000E04170B501F0D3FE002216
:10C220000B4B0D00040001F0CBF8FFF7D7FF060021
:10C2300001F090FE0022074B01F0C2F802000B0053
:10C240002000290001F03CFBFFF7C8FF310070BD62
:10C250000000F03D0000F041F0B557464E4645461F
:10C26000DE46E0B5040083B00D00924699468B424D
:10C270002FD82CD04946504601F014FF2900060063
:10C28000200001F00FFF331A9846203B9B4600D553
:10C2900074E053465A4693401F005346424693402B
:10C2A0001E00AF4229D826D05B46A41BBD41002BFF
:10C2B00000DA79E0002200230092019301235A461C
:10C2C00093400193012342469340009319E0824238
:10C2D000D0D900220023009201930C9B002B01D0A7
:10C2E0001C605D600098019903B03CBC9046994683
:10C2F000A246AB46F0BDA342D6D90022002300924D
:10C3000001934346002BE8D0FB0772081A434646C8
:10C310007B080EE0AB4201D1A2420CD8A41A9D4189
:10C32000012024196D410021013E24184D41002EA9
:10C3300006D0AB42EED9013E24196D41002EF8D152
:10C340005B460098019900196941002B22DB2B0004
:10C350005A46D3402A004446E2401C005B46150082
:10C36000002B2CDB26009E40330026004746BE40B3
:10C370003200801A994100900191AEE74246202395
:10C380009B1A5246DA40414613004A468A4017003B
:10C390001F4382E7424620239B1A2A0046469A40C2
:10C3A0002300F3401343D5E74246202300219B1A84
:10C3B0000022009101920122DA40019282E7424676
:10C3C000202326009B1ADE402F00B4469740664685
:10C3D0003B003343C9E7C046F0B5C6464E024702AC
:10C3E000760A7B0A4400C50FF7004800984600B55E
:10C3F000240E2A00DB00000EC90FBC468D4267D018
:10C40000221A002A00DCA5E000283AD1002F00D132
:10C4100093E0511E002900D0BCE00124DB1B5A012F
:10C4200046D59B019E09300001F01EFE053886406E
:10C43000844200DD9DE0041B320020200134E240F4
:10C44000041BA64033005E1EB341002413435A0769
:10C4500004D00F221A40042A00D004335A0129D5EF
:10C460000134FF2C00D181E02A009B015B0AE4B279
:10C470005B02E405580AD2072043104304BC9046EF
:10C48000F0BDFF2CE3D080213800C9040843844666
:10C490001B2A00DD82E020206146D140821A6046DE
:10C4A00090400200501E82410A439B1A5A01B8D4A0
:10C4B0005A07CED1DE082A00FF2C3AD1002E00D137
:10C4C000AEE08023DB0333435B025B0AFF24CFE74C
:10C4D000211A002952DD002831D0FF2CB7D080204E
:10C4E0003E00C0040643B4461B2900DDAAE0202616
:10C4F0006046C840711A66468E4031004E1EB141FA
:10C5000001435B185901D3D50134FF2C00D187E0DA
:10C51000012278491A405B080B40134397E7002C2F
:10C5200000D0A7E0002B00D0B6E03B1E62D1002671
:10C53000002273025B0AE4B29AE7140087E7002F37
:10C540004DD0481E002857D1634401245A01AFD56D
:10C550000224DDE7002A24D1621CD2B2012ADEDDEA
:10C56000DE1B720135D5FE1A0D005CE72A000023A0
:10C570007EE73300604A241A134068E7002963D13C
:10C58000611CC8B201284EDDFF2949D063445B0815
:10C590000C005CE7FF2A41D00A0079E701229B1AD0
:10C5A00084E7002C1DD0FF2822D08024E4045242CE
:10C5B00023431B2A00DD8AE01C002025D440AA1A50
:10C5C00093405A1E9341234362460400D31A0D0040
:10C5D00025E7002E00D026E700220024A9E70C0062
:10C5E00035E7002B4DD0D243002AEDD0FF28E0D113
:10C5F0006346FF240D002AE7FF290FD0010073E7EF
:10C60000002B61D0FF24002F00D120E7802241467B
:10C61000D203114202D0164200D13B00FF2416E79C
:10C62000FF24002324E7002CEAD1002B58D0002F50
:10C6300000D10CE763445A0100D439E72E4A0C00BC
:10C64000134004E701215CE7002C1ED1002B40D0F1
:10C65000C94300290BD0FF2836D01B2947DC1C001A
:10C660002026CC40711A8B40591E8B4123436344D2
:10C67000040047E7002B18D13B1E2DD00D00FF24EE
:10C68000E5E63B0004000D00E1E6FF281CD0802415
:10C69000E40449422343E0E7002F00D1D7E6DE1B44
:10C6A00072011FD5FB1A0D00D1E6FF24002F00D127
:10C6B000CDE680224046D2031042AFD01642ADD123
:10C6C0003B000D00FF24C2E66346FF24BFE60123C2
:10C6D0007AE73B000400BAE680260022F603F0E683
:10C6E0003B00B4E6331E00D0E2E6002221E701233E
:10C6F000BDE7C046FFFFFF7DFFFFFFFBF0B55746DC
:10C700004E46DE464546E0B544024300C60F83B0C0
:10C710000F1C640A1B0EB24653D0FF2B27D0802279
:10C72000E400D20414437F225242904698440023EE
:10C7300099469B467D027800FB0F6D0A000E009320
:10C7400024D0FF2846D080230021ED00DB041D43C8
:10C750007F384746381A4F460F43BF00B94633006B
:10C76000009A874F53404A46BA5801939746002C87
:10C770004ED108239946F7339846FD3B9B467D02F0
:10C780007800FB0F6D0A000E0093DAD1002D26D140
:10C79000002001213300009A7A4F53404246101A7C
:10C7A0004A460A439200BA581D009746009B2C0047
:10C7B0009A468B465B46022B31D15346FF2100241B
:10C7C00038E0002C17D10423994600239846013302
:10C7D0009B46AFE7FF20002D0BD10221DAE72800AE
:10C7E00001F042FC431F9D4076235B42181A002152
:10C7F000AFE70321ADE7200001F036FC431F9C406A
:10C8000076235B421B1A9846002399469B4691E784
:10C810000C239946F3339846FC3B9B468AE7032B4F
:10C8200000D1A5E05546012B00D081E00123002175
:10C8300000242B406402C905600ADB070843184343
:10C8400003B03CBC90469946A246AB46F0BD80245E
:10C850000023E403FF21EDE7FF210024EAE70123A1
:10C86000591A1B2966DD019A134000210024E1E7D3
:10C870008023DB031C4238D01D4251D01C4364028C
:10C88000640A3300FF21D5E763016C01A3423BD268
:10C890001B260021013801251F0049005B00002FE5
:10C8A00001DB9C4201D81B1B2943013E002EF3D122
:10C8B0001C00631E9C410C4301007F310029CEDD2A
:10C8C000630704D00F232340042B00D0043423013A
:10C8D00003D501002C4B80311C40FE290DDD0123C6
:10C8E000019AFF2113400024A4E78023DB031C43AB
:10C8F0006402640A3300FF219CE70123019AA4012A
:10C90000640AC9B2134095E71B1B1A260121C2E72E
:10C91000009B8B469A4600244CE76302E5D5002530
:10C920008024E4032C436402640A009BFF2181E716
:10C930000195C1E723002020CB40411A8C40611EA5
:10C940008C411C43630704D00F232340042B00D0E9
:10C950000434630105D50123019A01211340002409
:10C9600068E70123019AA401640A1340002161E7EA
:10C970008023DB031C436402640A5346FF2159E70A
:10C98000B8050100F8050100FFFFFFF770B5420090
:10C9900045024E024C00C30F6D0A120E760A240E99
:10C9A000C90F0120FF2A06D0FF2C03D0A24201D1DB
:10C9B000B54206D070BD002DFCD1FF2CFAD1002E5F
:10C9C000F8D18B4206D00120002AF3D12800451E61
:10C9D000A841EFE70020EDE7F0B5420045024C0228
:10C9E000C30F48006D0A120E640A000EC90FFF2A19
:10C9F0001ED0FF2821D0002A0AD16E426E41F6B225
:10CA000000280FD1002C0DD10020002D09D005E009
:10CA1000002801D1002C01D08B4211D001215842B5
:10CA20000843F0BD002EF7D0012001390843F8E794
:10CA3000002DDED002204042F3E7002CDBD0F9E7E6
:10CA40008242EBDC04DBA542E8D80020A542E8D214
:10CA50000121581E0843E4E7F0B542004D024C00A6
:10CA60004602760A120EC30F6D0A240EC90FFF2A62
:10CA700016D0FF2C18D0002A0AD170427041C0B2E3
:10CA8000002C15D0002805D0012001390843F0BD45
:10CA9000002C13D0994214D001205B421843F6E7D2
:10CAA0000220002EF3D1E4E70220002DEFD1E2E7CF
:10CAB000002DE7D10020002EE9D0EDE7002DE9D1CF
:10CAC000EAE7A24206DCDFDBAE4203D80020AE423A
:10CAD000DAD3DCE7012049420843D8E7F8B55746E6
:10CAE0004E464546DE46E0B54702460088467F0A88
:10CAF000360EC40F002E47D0FF2E24D0FB00802717
:10CB0000FF041F43002399469A467F3E43465D0239
:10CB10005800DB0F6D0A000E984643D0FF283BD02B
:10CB2000EB0080250022ED041D437F383618731C6E
:10CB300041469B464B46614013430F2B64D87548D2
:10CB40009B00C3589F46002F42D108239946063BBD
:10CB5000FF269A46DAE74146022A28D0032A00D166
:10CB6000CEE0012A00D0ACE0114000200022CCB27F
:10CB70004002D205400AE407104320433CBC9046E3
:10CB80009946A246AB46F8BD002F15D1042399461D
:10CB9000033B00269A46B9E7FF200222002DC5D0AC
:10CBA0000322C3E7002D19D100200122BEE7012492
:10CBB000FF220C400020DBE7380001F055FA762612
:10CBC000431F9F4000237642361A99469A469DE7B6
:10CBD0000C239946093BFF269A4697E7280001F067
:10CBE00043FA431F9D4076235B42181A00229DE7BB
:10CBF00080200024C003FF22BAE73D005246ABE785
:10CC00003D0021005246A7E73B0C9C462A04120C2B
:10CC10002B0C1400604665463F043F0C7C434243A6
:10CC20005D437B43270C9B18FF18BA4203D980232E
:10CC30005B029C46654424043A04240C12199301B7
:10CC40005C1EA3413F0C920E7D191A43AD011543A2
:10CC50002B0104D501235E466A081D4015433200AE
:10CC60007F32002A25DD6B0704D00F232B40042BD5
:10CC700000D004352B0103D53200274B80321D40F4
:10CC8000FE2A94DC0124A801400AD2B20C406FE7CE
:10CC90008020C003074207D0054205D12843400247
:10CCA000400A4446FF2263E738434002400AFF221D
:10CCB0005EE70124A31A1B2B05DD0C400022002097
:10CCC00056E75E46CBE72A002020DA40C31A9D4093
:10CCD0002B005D1EAB4113435A0704D00F221A40AC
:10CCE000042A00D004335A0104D5012401220C4047
:10CCF00000203DE701249B01580A0C40002237E741
:10CD000080200124C00328434002400A0C40FF2237
:10CD10002EE7C04638060100FFFFFFF7F0B54F468B
:10CD2000D64646464400C0B5C20F47024802400AF4
:10CD3000844666467B0A4800C90F9A46240E1500B1
:10CD4000DB00000E8946F600FF2800D18FE00121AC
:10CD50004F464F403900914266D0221A002A00DC2B
:10CD60009DE000283DD1002E00D18BE0511E00290E
:10CD700000D0B5E001249B1B5A0144D59B019F09BB
:10CD8000380001F071F905388740844200DD96E0F3
:10CD9000041B3A0020200134E240041BA7403B0062
:10CDA0005F1EBB41002413435A0704D00F221A40D0
:10CDB000042A00D004335A0127D50134FF2C00D1B6
:10CDC00079E001229B015B0AE4B22A405B02E405A0
:10CDD000580AD207204310431CBC90469946A246ED
:10CDE000F0BDFF2CE0D08021C9040E431B2A7BDC60
:10CDF00031002020D140821A9640721E96410E4387
:10CE00009B1B5A01BAD45A07D0D10122DF082A400D
:10CE1000FF2C33D1002F00D1A8E08023DB033B435C
:10CE20005B025B0AFF24D1E7211A00294CDD0028B0
:10CE30002AD0FF2CB8D08020C00406431B2900DD77
:10CE4000AFE030002027C840791A8E40711E8E4115
:10CE500006439B195901D6D50134FF2C00D185E03A
:10CE600001227A491A405B080B4013439CE7002ECD
:10CE700000D070E76BE73B1EC5D100227B025B0A46
:10CE8000E4B2A3E714008FE7002E4DD0481E00281F
:10CE900057D19B1901245A01B5D50224E0E7002A95
:10CEA00025D1621CD2B2012A72DD9F1B7A0135D5D1
:10CEB000F71A0D0064E7012200232A4086E73B00B1
:10CEC000634A241A13406FE700296CD1611CC8B271
:10CED00001284EDDFF2949D09B195B080C0063E750
:10CEE000FF2A41D00A0081E701269B1B89E7002C1D
:10CEF0001CD0FF2821D08024E404524223431B2A63
:10CF000000DD96E01C002025D440AA1A93405A1E4A
:10CF100093412343F31A04000D002DE7002F00D0A6
:10CF20002EE700220024A9E70C003DE7002B58D093
:10CF3000D243002AEED0FF28E1D13300FF240D00B8
:10CF400032E7FF2910D0010078E7002B6ED0FF24D4
:10CF5000002E00D128E780225146D203114203D08F
:10CF60006146114200D13300FF241DE7FF24002356
:10CF70002CE7002CE9D1002B63D0002E00D113E761
:10CF80009B195A0100D43EE7314A0C0013400BE7CD
:10CF9000002C1ED1002B2FD1002E4FD033000D00BE
:10CFA00002E7012655E7002C1FD1002B43D0C943CF
:10CFB00000290BD0FF2839D01B2944DC1C00202776
:10CFC000CC40791A8B40591E8B4123439B19040096
:10CFD00040E7002B1AD1002E24D180270022FF0326
:10CFE0001BE7330004000D00DEE6FF281ED080247E
:10CFF000E40449422343DFE7002E00D1D4E69F1B1F
:10D000007A0100D437E7F31A0D00CDE6FF24002E95
:10D0100000D1C9E680225046D2031042A4D0604617
:10D020001042A1D133000D00FF24BDE63300FF24E0
:10D03000BAE601236EE733000400B5E600270022BC
:10D040001CE73300B0E60123C0E7C046FFFFFF7DC9
:10D05000FFFFFFFB41024300C20F490A1B0E0020E5
:10D060007E2B0DDD9D2B0CDC802000040143952BD5
:10D070000ADC9620C31AD9404842002A00D1080091
:10D080007047034BD018FBE7963B9940F4E7C04646
:10D09000FFFFFF7F70B5002830D0C317C4185C4075
:10D0A000C50F200000F0E0FF9E231B1A962B0DDC1D
:10D0B0009622D21A94402A006402640ADBB2640207
:10D0C000DB05600AD2071843104370BD992B19DCA9
:10D0D0009922D21A002A29DD94402200144C1440CF
:10D0E000510704D00F210A40042A00D00434620101
:10D0F00013D4A401640ADBB22A00E0E70022002373
:10D100000024DCE705222100121AD140B922D21AEC
:10D110009440621E94410C43DAE7054B2A001C4000
:10D120009F23A4011B1A640ADBB2C8E72200D5E7DB
:10D13000FFFFFFFB10B5041E27D000F095FF9E23D4
:10D140001B1A962B0ADC9622D21A94406402640AB7
:10D15000DBB26402DB05600A184310BD992B17DCB3
:10D160009922D21A002A27DD94402200134C144041
:10D17000510704D00F210A40042A00D00434620170
:10D1800012D4A401640ADBB2E3E700230024E0E741
:10D19000B9222100D21A91400A00511E8A4105216C
:10D1A000091ACC401443DBE7044B1C409F23A40125
:10D1B0001B1A640ADBB2CCE72200D7E7FFFFFFFBB4
:10D1C000F0B54F464646D6465C00C0B51F03DB0FA0
:10D1D0009A46174B0E034D0084468046360B6D0D64
:10D1E000C90F91463F0B640D01209D4208D09C421F
:10D1F00001D0A5420BD01CBC90469946A246F0BD7A
:10D2000063463343F7D1AC42F5D13A43F3D1012021
:10D21000BE42F0D1C845EED1514507D0002DEAD12C
:10D2200063461E433000461EB041E4E70020E2E7BB
:10D23000FF070000F0B54546DE4657464E46E0B5CE
:10D240001F033D0B2C4F0E034C00AB465D00844684
:10D25000360B640DC90F90466D0DDB0FBC422AD012
:10D26000254FBD422DD0002C0FD130430700814601
:10D2700078427841C0B2002D17D15F463A4314D1AD
:10D280004B460020002B0AD006E0002D02D1584664
:10D29000024301D0994218D04842012108433CBCC6
:10D2A00090469946A246AB46F0BD0028F2D0012038
:10D2B000013B1843F3E737000743D1D00220404237
:10D2C000EDE75F461743CED0F8E7AC42E4DC03DA83
:10D2D000481E01210843E2E75E45DDD806D0002064
:10D2E0005E45DCD20123481E1843D8E7C445D3D895
:10D2F0000020C445F6D3D2E7FF070000F0B54E4644
:10D300004546DE4657465C00E0B51F03DB0F9946F5
:10D310002A4B0E034D00C90F8446360B6D0D8B460C
:10D3200090463F0B640D9D4220D0244B9C4222D05E
:10D33000002D12D1304343424341DBB2002C1FD0B9
:10D34000002B0CD04B460120013B034318003CBC92
:10D3500090469946A246AB46F0BD002C16D0CB4570
:10D3600017D05B46594201230B43EFE731000223FC
:10D370000143EBD1D9E7390002231143E6D1D7E7C6
:10D380003A43DDD100230028E0D0EAE73A43E6D172
:10D39000E7E7A542E5DC05DBBE42E2D807D0002383
:10D3A000BE42D3D25946012301390B43CEE7C445CF
:10D3B000D7D80023C445F5D3C8E7C046FF0700000F
:10D3C000F0B557464546DE464E46E0B50C03984656
:10D3D0004E00230B87B0070092469B46760DCD0F7B
:10D3E000002E6BD06D4B9E4235D080245B46420FA1
:10D3F0002404DB0014431C43C3009946684BA34636
:10D400009C46002300276644029343461C035A00AF
:10D41000DB0F5046240B520D984600D176E05F4B4F
:10D420009A426DD08023410F1B040B435C49E400FA
:10D430008C461C43C300002062444146B618694034
:10D44000721C0191944607430F2F00D9B0E0554A52
:10D45000BF00D25997465B460343994600D087E008
:10D4600000239B46023308270293CEE742460192EF
:10D47000022867D0032800D10EE2012800D062E123
:10D48000002300240022994601990140CDB20021D9
:10D4900012030B0D120B1B051343434A24051340C3
:10D4A0001C436400ED0764082C434846210007B084
:10D4B0003CBC90469946A246AB46F0BD0343994614
:10D4C0004FD05B46002B00D189E1584600F0CCFDDF
:10D4D00003000B3B1C2B00DD7AE11D22D31A3A001E
:10D4E00001005C46DA4008398C4013008F4023432A
:10D4F0009B46B94600232D4E0027361A029384E737
:10D50000534623432AD10024022096E7534623435F
:10D5100020D0002C00D157E1200000F0A5FD030031
:10D520000B3B1C2B00DD49E11D21CB1A51460200AB
:10D53000D9405346083A944093400C431B4A121A70
:10D5400000207AE70125019B144C1D400023002296
:10D5500099469CE70024002201206EE753460320F1
:10D560006BE700239B4601330427002602934CE718
:10D57000032381460C27029347E7802200230025DE
:10D5800012039946054C82E75C464B4602986FE7CA
:10D590005C464B46019502986AE7C046FF070000CB
:10D5A00001FCFFFF78060100FFFF0F800DFCFFFF6D
:10D5B0004A464946170C1A0C1B041B0C0804190098
:10D5C000000C41431500884619007D4379430395BB
:10D5D00089462900150045434D44029545462D0CCA
:10D5E000AA46029D5544A94506D98A46802149028A
:10D5F0008946CA4451460391290C049141460904C5
:10D600002D04090C88462900250C24044144240CCF
:10D610000591210041438846210079438A466843A9
:10D62000414650448146080C48446F43824503D923
:10D630008021490289464F44010C894639004944FA
:10D64000029141460F0404993F0C88460004C0191A
:10D6500080444146049159460F0C0904090C884640
:10D6600059438A4639005143894641464A43514607
:10D67000090C8B467B43D2185A44934203D980232A
:10D680005B029B46D94451460904090C8A4641462F
:10D6900061437C43130C12044B445244A1468A4616
:10D6A0003C0041466C434D4351464D440F0C7D199F
:10D6B000A94503D98021490288464444049F03991F
:10D6C000B84641448B468345804141428846514695
:10D6D00008042F04000C3F18584602991018894678
:10D6E000904292414F44BA46524299469346C244B0
:10D6F000D144CB448F42BF41C245894199459B41AA
:10D70000934592417F4249422D0C52420F435B4266
:10D7100013437F19FF185B463C19DB0D059A640221
:10D720001C43430213435D1EAB415A46C00D0343E5
:10D7300052021343E20156D501205A080340134315
:10D74000E207134364085A48604400284DDD5A0735
:10D7500009D00F221A40042A05D01A1D9A429B4173
:10D760005B42E4181300E20104D58020514AC00056
:10D7700014406044504A904200DDE3E60125DB0896
:10D7800062071A436402019B9146220B4405640D13
:10D790001D407CE6802259461203114208D01442F3
:10D7A00006D122431203120B45469946434C6EE6BE
:10D7B0005B461A431203120B404C68E603005446C2
:10D7C000283B9C400023B9E600F04EFC2030A6E642
:10D7D0000300283B9F400023BB4699468AE600F0A1
:10D7E00043FC203074E6B446ADE701252A1A382AF6
:10D7F00006DD019B00241D4000230022994646E6D9
:10D800001F2A21DC20252000AD1A1E00AB40A840B5
:10D81000D6405D1EAB4130431843D440430709D086
:10D820000F230340042B05D00300181D98429B4191
:10D830005B42E418230221D50125019B01241D40F0
:10D8400000230022994622E61F2521006D42281A56
:10D85000C1400800202A1DD05F35AA1A94402343F6
:10D860005C1EA341072503431D400022002D09D063
:10D870000F2200241A401800042AD6D1030065079D
:10D880006402220BDB082B4301259946019B0024EF
:10D890001D40FCE50024E2E780220125120322431B
:10D8A00001991203120B0D409946044CEFE5C04656
:10D8B000FF030000FFFFFFFEFE070000FF07000060
:10D8C000F0B54646D6464F460C03C0B5CD0F4E00C8
:10D8D000610A440F0C43C1005800400D84468A463B
:10D8E0000F001903500F490A0143C648760DA84698
:10D8F000DB0FD200844500D1D8E001204340AB4289
:10D9000000D1A6E06046351A002D00DC05E10028B4
:10D9100010D10B00134300D1D7E06B1E002B00D0B9
:10D920004BE153469F1ABA458041641A4042241A7B
:10D9300001261EE0B34B9E4248D080231B041943AE
:10D94000382D00DD19E11F2D00DD4CE120230F00F3
:10D950005B1B10009A409F40E840531E9A41E940EB
:10D96000074317435346DF1B611ABA45A44164427B
:10D970000C1B230200D4C5E06402650A002D00D10F
:10D98000F6E0280000F070FB0300083B1F2B00DDD1
:10D99000E9E020223C00D21A9D40D4409F4025431C
:10D9A0009E4200DDDBE09E1B731C1F2B00DD0AE1A5
:10D9B00020223800D21A290097402C009140D840EC
:10D9C0007A1E9741DC40002601430F437B0709D0B4
:10D9D0000F233B40042B05D03B1DBB42BF417F4280
:10D9E000E4191F00230225D5864B01369E4200D143
:10D9F000AFE0854B01251C4043466207FF086402E7
:10DA000076051743240B760D1D4000212403230BBC
:10DA10000C0D7E4A24051C431440330523435B0050
:10DA2000ED075B082B43380019001CBC9046994653
:10DA3000A246F0BD012543466207FF081743E408EC
:10DA40001D40704B9E4236D024037605240B760D84
:10DA5000DBE76346F31A002B00DC94E06046002805
:10DA600035D068488642B1D080273F043943382BEF
:10DA700000DCFDE00A43170000217A1E974157445D
:10DA800057458041091944420C1923023AD55D4B90
:10DA900001369E4200D14BE101225B4B1C407B08CA
:10DAA00017401F43E207174364088FE7080010433D
:10DAB00000D024E721E723003B4300D1B9E18022D5
:10DAC000120314432403240B9FE72E007EE7080073
:10DAD000104300D1CAE0581E8446002800D0E7E079
:10DAE00052445245804164184042241817000126D0
:10DAF000230207D50226CFE764462C4300D1B3E1C9
:10DB00002C0067467B0700D062E76307FF081F43CE
:10DB100001254346E4081D4093E7002D78D1751C8C
:10DB20006D056D0D012D00DCF2E05046801A824536
:10DB3000BF41651A7F42ED1B8446280200D48CE069
:10DB40005046171ABA4292410C1B5542651B984623
:10DB500014E70125434600241D40002755E72A4CC1
:10DB6000F61A2C4032E73D0028388540002717E799
:10DB7000380000F079FA203006E70A431700002148
:10DB80007A1E9741EEE6002B00D0E5E0731C9C4620
:10DB90005B055B0D012B00DC9FE01A4B9C4500D11F
:10DBA000C5E0524452458041641840422418E707BA
:10DBB000520817436408664608E71248854200D1B8
:10DBC00085E01D00BCE629001F3EF140202B00D15E
:10DBD0007FE04022D31A9D402F437D1EAF41002499
:10DBE0000F4300268EE72B000F00203BDF40202D47
:10DBF00071D040235D1BA9400A43511E8A41002178
:10DC00001743AFE6FF070000FFFF7FFFFFFF0F8016
:10DC1000002E3ED0B34EB44545D0802636046D422A
:10DC20003443382D00DDA8E01F2D00DD1FE1202644
:10DC300027005046761BB740E84007435046B040A7
:10DC4000461EB041EC403843171ABA4292410C1BB1
:10DC50005242A41A664698468BE6644667462C43B1
:10DC600000D08BE6002500260027EAE61E00ADE680
:10DC70001F2B60DC2027F81A0F0084468740100015
:10DC8000D840074360468240501E8241D940174326
:10DC9000F5E626005046064305D0ED43002DD3D0CF
:10DCA000904EB445BDD10C001700664698468DE6EF
:10DCB0008C4883420BD06346D9E6002D00D096E015
:10DCC0000800104300D1E2E00C0017009846854E92
:10DCD0007CE6002580E700218EE7230050460343C1
:10DCE000002E00D0A8E0002B00D1DEE00B00134393
:10DCF00000D16BE6524452458041641840422418DA
:10DD00001700230200D4FDE6774B66461C405DE613
:10DD1000250050460543002ECFD1002D4FD10C00D9
:10DD2000144300D1A0E00C00170098464EE666466A
:10DD30000024002785E61F000800203FF840070068
:10DD4000202B00D18EE04020C31A99400A43511E77
:10DD50008A410021174392E6002E14D12600504636
:10DD6000064362D0DB43002B5CD187189742924177
:10DD700064185242A418664687E650462043441E63
:10DD8000A041002460E7574EB4454ED080263604AB
:10DD90005B423443382B00DD7FE01F2B00DD8BE03E
:10DDA000202627005046F61AB740D8400743504671
:10DDB000B040461EB0410743DC40BF18D6E70D0017
:10DDC000154300D102E65046801A8245BF41651ACC
:10DDD0007F42ED1B8446280200D48DE65046171A78
:10DDE000BA4292410C1B5242A41A9846EEE50D002D
:10DDF000154300D16BE750466707C00807438020F2
:10DE0000E4080003044207D0CD08054204D12C00E9
:10DE10009846D70849070F437B0FE4001C43FF00D7
:10DE2000304ED3E52F4EB445B4D10C0017006646F2
:10DE3000CCE500270024E8E5002B39D00B00134384
:10DE400000D144E7C008670707438020E4080003C7
:10DE50000442E1D0CB080342DED1D70849070F4383
:10DE60001C00D9E7002171E700250027E9E52E0015
:10DE70002700203EF740202D2FD04026751BAC40B8
:10DE800050462043441EA04100243843DCE6802451
:10DE900000252403134E0027D3E5504620430700F6
:10DEA000781E87410024BF1860E70C0017008DE53D
:10DEB0000C0017000B4E89E51E002700203EF7409E
:10DEC000202B0CD04026F31A9C4050462043441E81
:10DED000A04107430024BF1848E70024D0E70024EE
:10DEE000F3E7C046FF070000FFFF7FFF30B5134D8B
:10DEF0000A034B00120B5B0DC90F0024AB4210DD6F
:10DF00000F4CA3420FDC80240E4D64032243ED1A14
:10DF10001F2D0BDD0C48C31ADA405442002900D1F2
:10DF20001400200030BD094BCC18FAE7084CE8403B
:10DF3000A44663449A400243EFE7C046FE03000054
:10DF40001D0400003304000013040000FFFFFF7FE6
:10DF5000EDFBFFFF10B5041E28D000F085F8154B2F
:10DF6000154A1B1AD21A1F2A15DD144AD21A9440D8
:10DF7000002224035B05240B5B0D00211000240309
:10DF80000A0D240B120522430D4C1B05224013439E
:10DF90005B00590810BD210091400A000B21081AAE
:10DFA000C4405B052403240B5B0DE6E7002300243B
:10DFB0000022E2E71E040000330400001304000006
:10DFC000FFFF0F804100090E4B1C70B5DBB246020B
:10DFD000750AC40F012B14DDE0239B006D07360B7F
:10DFE000CB1800210A0D280012051C4D32435B0599
:10DFF0002A405B0813435B00E4075B0823431900D6
:10E0000070BD002914D1002D1ED0280000F02CF87E
:10E010000A281CDC0B232A001B1ADA4003001533E4
:10E020009D400F4B12031B1A5B05160B5B0DD8E7C7
:10E03000002D06D0320B802636036D071643094BA0
:10E04000CFE7084B0026CCE700230026C9E70300F2
:10E050002A000B3B9A400025E3E7C046FFFF0F80F4
:10E0600089030000FF0700001C2101231B049842C4
:10E0700001D3000C10391B0A984201D3000A083959
:10E080001B09984201D30009043902A2105C401810
:10E090007047C046040302020101010100000000B4
:10E0A0000000000010B5002903D1FFF7DDFF20308C
:10E0B00002E0081CFFF7D8FF10BDC04610B50A22C9
:10E0C000002100F0BDFA10BD10B50A22002100F0B9
:10E0D000B7FA10BD70B500260C4D0D4C641BA41092
:10E0E000A64209D1002602F0CBFB0A4D0A4C641B64
:10E0F000A410A64205D170BDB300EB589847013675
:10E10000EEE7B300EB5898470136F2E78C080100C0
:10E110008C0801008C08010090080100931E10B5C6
:10E120000C00222B04D900231C000B70200010BD12
:10E130000A2A09D1002807DA2D230B700121404259
:10E14000611800F02DFBF1E70021F9E710B5FFF7AA
:10E15000E5FF10BDEC30006870470000044B1B6801
:10E160001B6A002B00D1034BEC3318687047C04684
:10E17000100000207400002082B0002900D101A905
:10E18000101E06D0002B06D013780B601078431EAB
:10E19000984102B0704702204042FAE7002310B5D0
:10E1A0009A4200D110BDCC5CC4540133F8E703009F
:10E1B0008218934200D1704719700133F9E70000CB
:10E1C0000FB40B4B13B51C68002C05D0A369002BB2
:10E1D00002D1200000F0EEFC05AB049AA1682000FB
:10E1E000019301F029F816BC08BC04B01847C046DA
:10E1F0001000002070B505000E00002804D08369CF
:10E20000002B01D100F0D6FCAB69AC68002B02D129
:10E21000280000F0CFFC244B9C420FD16C68A389EE
:10E220001B0702D52369002B20D12100280000F014
:10E2300053FB00281AD00120404270BD1B4B9C426A
:10E2400001D1AC68EBE71A4B9C42E8D1EC68E6E7F9
:10E25000013B0136A360002B04DAA269934216DB6E
:10E260000A2914D023685A1C226019703178A368D7
:10E270000029EDD1013BA360002B0FDA22000A3107
:10E28000280000F0C7FA431CD5D00A20D5E72200A9
:10E29000280000F0BFFA431CE8D1CCE70A2023682D
:10E2A0005A1C22601870C8E70C0801002C080100F5
:10E2B000EC07010010B5034B01001868FFF79AFF47
:10E2C00010BDC04610000020154B10B51C68A36B94
:10E2D000002B15D1182000F06FFD124BA0630380B6
:10E2E000114B01224380114B8380114BC380114B92
:10E2F0000381052343810633838100230261436147
:10E30000A46B0D4A206961690C4BFDF725FF0122C2
:10E31000002380185941206161614800400810BD08
:10E32000100000200E330000CDABFFFF34120000C0
:10E330006DE6FFFFECDEFFFF2D7F954C2DF451586D
:10E340004A424A41802310B55200DB0000F002F837
:10E3500010BD0000F0B51D004F4B85B01E680400D5
:10E360000F000092002E05D0B369002B02D13000BF
:10E3700000F020FC494B9C4250D17468009B022B5A
:10E3800005D0012B00D984E0002D00DA81E02100C6
:10E39000300000F0A1FB616B002908D0230044335A
:10E3A000994202D0300000F011FD00236363002386
:10E3B000A3616360A3891B0603D52169300000F0C7
:10E3C00005FDA389364A1340A381009B022B5AD036
:10E3D00003AB02AA2100300000F082FCA38918439D
:10E3E000A081002D24D1029D280000F0E5FC0195BC
:10E3F000071E42D1029B0193AB4239D1012040421A
:10E400000223A2891343A3810023A360230047337F
:10E41000236023610123636105B0F0BD214B9C4261
:10E4200001D1B468AAE7204B9C42A7D1F468A5E7C4
:10E43000002FD9D0B369002B02D1300000F0BAFB15
:10E44000009B012B03D1A389009A1A43A2810820C3
:10E45000A389276027616561184018D00120184002
:10E460000023984211D06D42A360A5611800D3E744
:10E47000019800F0A1FC071EC0D08023A289019D55
:10E480001343A381D6E70020BAE7A560C4E7A060E4
:10E49000C2E701204042BFE7100000200C08010045
:10E4A0005CF3FFFF2C080100EC0701000CB430B551
:10E4B000164B9DB00C1E1D6808DA8B2301202B60C3
:10E4C00040421DB030BC08BC02B01847822302A9EC
:10E4D0009B008B810023029008619C4200D0631E48
:10E4E0008B604B6101235B42CB81209A21AB2800DA
:10E4F000019300F075FD431C01DA8B232B60002C87
:10E50000DFD00023029A1370DBE7C0461000002022
:10E5100002780B78002A03D0013001319A42F7D0FB
:10E52000D01A70470023C25C0133002AFBD1581E69
:10E5300070470000F0B51F000E0087B005900391F2
:10E5400002920C983478FFF705FE082200194378F0
:10E55000751C13400CD12D2C0CD101332C78019358
:10E56000B51C002F0CD0102F14D1302C0AD011E084
:10E570002E00E6E701932B2CF3D12C78B51CF0E7A5
:10E58000302C2FD120222B789343582B51D1102798
:10E590006C780235019B294A39009E183000FDF73E
:10E5A00053FC300004913900FDF7C8FB0121002322
:10E5B000494202008C46180021003039092913D83D
:10E5C0000C00A7421CDD591C09D06346824206D3C9
:10E5D00002D10499A14202DB0123784320182C7850
:10E5E0000135E9E70A27D5E721004139192901D882
:10E5F000373CE6E721006139192901D8573CE0E7AB
:10E600005A1C08D1059A23331360029B3000002B5B
:10E610000BD107B0F0BD019A002A00D04042029A07
:10E62000002AF6D0039A002B00D06A1E029B1A60C3
:10E63000EFE73024002FADD10837ABE7FFFFFF7FB6
:10E6400037B51300064A05001068046A002C00D193
:10E65000044C0A0000942900FFF76CFF3EBDC04641
:10E660001000002074000020F0B51F000E0087B0DD
:10E670000590039101920C983478FFF76BFD082206
:10E6800000194378751C13400CD12D2C0CD101338B
:10E690002C780293B51C002F0CD0102F14D1302CE5
:10E6A0000AD011E02E00E6E702932B2CF3D12C7850
:10E6B000B51CF0E7302C2FD120222B789343582B18
:10E6C00054D110276C780235012039004042FDF703
:10E6D00035FB0600012039004042FDF7B5FB002361
:10E6E00004910121012218008C4652422100303948
:10E6F000092913D80C00A7421EDD002B1ADB1300DA
:10E70000864206D302D10499A14202DB63467843D4
:10E7100020182C780135E9E70A27D5E7210041398F
:10E72000192901D8373CE6E721006139192903D8B6
:10E73000573CE0E71300ECE7002B09DA2223012025
:10E74000059A40421360019B002B0BD107B0F0BD2E
:10E75000029A002A00D04042019A002AF6D0039A79
:10E76000002B00D06A1E019B1A60EFE73024002FB7
:10E77000AAD10837A8E7000037B51300064A0500FC
:10E780001068046A002C00D1044C0A00009429008F
:10E79000FFF76AFF3EBDC046100000207400002055
:10E7A000F0B517008FB0252206000D0004A8184907
:10E7B000FFF7F4FC04AABB1E00240392222B05D908
:10E7C0002C70250028000FB0F0BD019C631C019344
:10E7D000EB1800933000013B39000293FDF734FB46
:10E7E000039B029A5B5C300013703900FDF7A6FAB8
:10E7F000061EEAD1009B18702B005A1B9442E1DDE3
:10E800001A78295D19702A550133013CF5E7C04695
:10E81000C6060100F8B505000E001400002804D05B
:10E820008369002B01D100F0C5F9224B9C422DD108
:10E830006C68A369A360A3891B0731D52369002BEA
:10E840002ED023682269F7B2981A6369F6B298420B
:10E8500005DB2100280000F03FF9002826D1A3683D
:10E860000130013BA36023685A1C22601F7063695A
:10E87000984204D0A389DB071AD50A2E18D12100AB
:10E88000280000F029F9002812D00FE00A4B9C4222
:10E8900001D1AC68CDE7094B9C42CAD1EC68C8E70E
:10E8A0002100280000F018F80028CAD0012676427E
:10E8B0003000F8BD0C0801002C080100EC07010035
:10E8C0000B1E04D0FF2A04D98A2303608B3B180057
:10E8D00070470A700123FAE7364B70B51D680600D1
:10E8E0000C00002D05D0AB69002B02D1280000F0F0
:10E8F00061F9314B9C420FD16C680C23E25E93B2FC
:10E9000019072DD4D90611D40923012033603733D8
:10E910001343A381404270BD284B9C4201D1AC6897
:10E92000EBE7274B9C42E8D1EC68E6E75B0713D5A1
:10E93000616B002908D023004433994202D0300093
:10E9400000F044FA002363632422A3899343A38144
:10E9500000236360236923600823A2891343A381F2
:10E960002369002B0BD1A0218022A389890092006A
:10E970000B40934203D02100300000F0D9F901236D
:10E98000A289134011D00023A36063695B42A36195
:10E99000002023698342BED10C23E25E1306BAD560
:10E9A00040231343A3810138B5E7920700D463697C
:10E9B000A360EDE7100000200C0801002C08010006
:10E9C000EC070100F7B58A8905000C00130760D435
:10E9D0004B68002B04DC0B6C002B01DC0020FEBD1F
:10E9E000E76A002FFAD000232E682B6080235B019A
:10E9F0001A4034D0606DA3895B0706D56368C01ADE
:10EA0000636B002B01D0236CC01A0200216A002323
:10EA10002800E76AB847A189431C06D12B681D2B43
:10EA200031D82C4ADA40D3072DD5002363602369FF
:10EA30002360CB0405D5431C02D12B68002B00D1E9
:10EA40006065616B2E600029C8D023004433994271
:10EA500002D0280000F0BAF900206063BFE701236C
:10EA6000216A2800B847431CC5D12B68002BC2D0AF
:10EA70001D2B01D0162B01D12E60AFE74023A289B8
:10EA80001343A381ABE740230B430120A381404202
:10EA9000A5E70F69002FA1D00B680F60DB1B019366
:10EAA0000023920700D14B69A360019B002B00DC7F
:10EAB00094E7019B3A00216A2800A66AB047002823
:10EAC00003DC4023A2891343DFE7019B3F181B1A95
:10EAD0000193EAE7010040200B6970B505000C00C6
:10EAE000002B01D1002070BD002804D08369002BC9
:10EAF00001D100F05FF80B4B9C4209D16C680C22ED
:10EB0000A35E002BEED021002800FFF75BFFEAE7B1
:10EB1000054B9C4201D1AC68F1E7044B9C42EED11D
:10EB2000EC68ECE70C0801002C080100EC07010080
:10EB300010B5024900F0B2F810BDC046D9EA000095
:10EB4000002310B504000360436083608181436645
:10EB5000C281036143618361190008225C30FFF7C1
:10EB600026FB054B24626362044BA362044BE36201
:10EB7000044B236310BDC046A5F70000CDF700008D
:10EB800005F8000031F8000070B568254A1E5543AD
:10EB90000E002900743100F063F9041E08D0002132
:10EBA0002A00016046600C30A0606832FFF7FFFA6F
:10EBB000200070BD836913B50400002B28D1836445
:10EBC000C3640365134B144A1B6882620193984225
:10EBD00001D101238361200000F020F86060200053
:10EBE00000F01CF8A060200000F018F80022E0609F
:10EBF00004216068FFF7A4FF01220921A068FFF744
:10EC00009FFF02221221E068FFF79AFF0123A36110
:10EC100013BDC046B806010031EB0000F8B51E4B2D
:10EC200007001E68B369002B02D13000FFF7C2FF56
:10EC30004836B4687368013B04D53368002B07D0AD
:10EC40003668F6E70C22A55E002D0DD06834F2E799
:10EC500004213800FFF798FF30600028F0D10C2322
:10EC600004003B602000F8BD012320005B42E381EB
:10EC70000233A38165662560A560656025616561D5
:10EC8000A561082229005C30FFF791FA6563A5634E
:10EC9000A564E564E6E7C046B8060100F7B50400E0
:10ECA0000700002601914834002C01D13000FEBD40
:10ECB0006368A5680093009B013B009301D524681D
:10ECC000F2E7AB89012B08D90E22AB5E013304D0E9
:10ECD00029003800019B984706436835EBE70000A0
:10ECE00070B50E001D000E23C95E90B014000029FF
:10ECF00007DA00232B60B3891B0611D48023DB00C5
:10ED00000FE001AA00F0C0FD0028F2DBF022029B18
:10ED100012021340054A9B185A4253412B60EDE7FB
:10ED200040230020236010B070BDC04600E0FFFF0C
:10ED3000F7B502268B8905000C00334206D023006C
:10ED400047332360236101236361F7BD01AB6A464A
:10ED5000FFF7C6FF00990700280000F081F800289F
:10ED600008D10C22A35E9A05EFD4032293431E43DD
:10ED7000A681E4E70F4BAB628023A2892060134396
:10ED8000A381009B20616361019B002B0DD00E23AA
:10ED9000E15E280000F08AFD002806D00322A38946
:10EDA00093431A0001231343A381A0893843A08110
:10EDB000CBE7C04631EB000010B5034B01001868EB
:10EDC00000F04EF810BDC0461000002070B50500E0
:10EDD000002910D00C1F2368002B00DAE41828004B
:10EDE00000F0A7FD1D4A1368002B05D16360146075
:10EDF000280000F09FFD70BDA34209D9216860186A
:10EE00008342F3D118685B6841182160EEE7130074
:10EE10005A68002A01D0A242F9D919685818A042AC
:10EE20000BD120680918581819608242E0D1106887
:10EE30005268411819605A60DAE7A04202D90C23DF
:10EE40002B60D5E721686018824203D110685268B0
:10EE50004118216062605C60CAE7C0469C070020E0
:10EE6000032370B5CD1C9D43083506000C2D1ED222
:10EE70000C25A9421DD8300000F05BFD254A14681E
:10EE80002100002919D1244C2368002B03D1300024
:10EE900000F076FC20602900300000F071FC431C7B
:10EEA0002CD10C233000336000F044FD03E0002D32
:10EEB000DFDA0C233360002070BD0B685B1B1AD4B3
:10EEC0000B2B03D90B60CC18256003E08C420ED1CC
:10EED00063681360300000F02DFD200007220B3026
:10EEE000231D9043C31AE7D05A42E250E4E74B682F
:10EEF00063600C00EEE70C004968C2E70323C41C02
:10EF00009C43A042E0D0211A300000F039FC431CA1
:10EF1000DAD1C6E79C070020A0070020F0B58E6874
:10EF200085B007000C00039201939E4239D89023CC
:10EF30008A89DB001A4234D00325096923685B1AE9
:10EF40000293636902985D43EB0F5D19019B6D109D
:10EF500001331B18AB4200D91D00530532D52900DF
:10EF60003800FFF77DFF061E09D10C233B604023CC
:10EF70000120A28940421343A38105B0F0BD029A4B
:10EF80002169FFF70BF9A389144A1A408023134320
:10EF9000A381029B2661F61826606561019EED1A29
:10EFA000A560019BB34200D21E0032000399206885
:10EFB00000F0ADFCA36800209B1BA36023689E1992
:10EFC0002660DAE72A00380000F0B5FC061EE0D122
:10EFD00021693800FFF7FAFEC7E7C0467FFBFFFF55
:10EFE000F0B59FB0029005938B890F0016001B06A9
:10EFF00011D50B69002B0ED14021FFF731FF38608E
:10F000003861002805D10C23029A013813601FB023
:10F01000F0BD40237B61002306AD6B6120336B762E
:10F020001033AB7634002378002B47D1A31B049315
:10F030000DD0A31B320039000298FFF76FFF431C6D
:10F0400000D1B5E06A69049B944663446B61237800
:10F05000002B00D1ACE00122002352426A6002A9D9
:10F060005432521801342B60EB60AB601370AB6507
:10F07000584E05222178300000F03EFC621C00282A
:10F0800020D12968CB0604D5532302AE20309B192A
:10F0900018700B0704D553232B2002AE9B19187050
:10F0A00023782A2B16D000200A21099B2278303A97
:10F0B000092A55D9002815D0099313E0252BB5D07E
:10F0C0000134B0E70123801B8340296814000B43FF
:10F0D0002B60CDE7059B181D1B680590002B39DBC5
:10F0E0000993140023782E2B0BD16378621C2A2BF2
:10F0F0003ED1059B02341A1D1B680592002B34DBA0
:10F100000793354E21780322300000F0F5FB0028EC
:10F1100006D04023801B83402A68013413432B60B0
:10F12000217806222D48661C297600F0E5FB002890
:10F1300046D02B4B002B2FD12968059B0722C905F0
:10F1400028D59B189343083305936B69039A9B1842
:10F150006B6167E75B42EB6002230B432B60C0E708
:10F160004B4301349B180120A0E701235B42C7E712
:10F17000002314000A201A006B6021783039092915
:10F1800003D9002BBDD00792BBE74243013452188C
:10F190000123F2E70733D5E705AB00933A00114BA3
:10F1A0002900029800E000BF0390039B0133CCD1FB
:10F1B000BB890B985B0600D429E70120404226E773
:10F1C00005AB00933A00074B2900029800F0BEF906
:10F1D000EAE7C0464C080100520801005608010049
:10F1E000000000001DEF0000936810B5013B936024
:10F1F000002B05DA9469A34208DBCBB20A2B05D0B9
:10F200001368581C10601970C8B210BDFFF702FBDC
:10F21000FBE7F8B506000F001400D518AC4201D189
:10F22000002007E021783A003000FFF7DDFF0134CD
:10F23000431CF3D1F8BD0000F0B59FB006000F00ED
:10F2400014000593002804D08369002B01D1FFF737
:10F25000B1FC7F4B9F425CD17768BB891B0762D5AD
:10F260003B69002B5FD0002306AD6B6120336B76CA
:10F270001033AB760294029C2378002B5DD1029B65
:10F28000E31A04930DD0049B029A39003000FFF773
:10F29000C0FF431C00D1CCE06A69049B94466344E0
:10F2A0006B612378002B00D1C3E00122002352427E
:10F2B0006A6002A95432521801342B60EB60AB60D3
:10F2C0001370AB6521780522624800F015FB631CC2
:10F2D0009C46002835D12968CB0604D5532302AAC1
:10F2E00020309B1818700B0704D553232B2002AA3B
:10F2F0009B18187023782A2B2CD000200A21099BF8
:10F300002278303A092A00D86BE000282AD00993E5
:10F3100028E0514B9F4201D1B7689EE74F4B9F4277
:10F320009BD1F76899E739003000FFF7D5FA00283C
:10F3300099D0012040421FB0F0BD252B9FD0013451
:10F340009AE7444B2968C01A012383400B432B6082
:10F350006446B7E7059B181D1B680590002B3ADB38
:10F360000993644623782E2B0BD16378621C2A2BD9
:10F370003FD1059B02341A1D1B680592002B35DB1B
:10F38000079321780322364800F0B6FA002807D008
:10F39000334B2A68C01A4023834013432B60013447
:10F3A0002178631C06222F480293297600F0A4FAE4
:10F3B000002844D02C4B002B2FD12968059B072215
:10F3C000C90528D59B189343083305936B69039AA5
:10F3D0009B186B614FE75B42EB6002230B432B6092
:10F3E000BFE74B4301349B18012089E701235B42AF
:10F3F000C6E7002314000A201A006B602178303918
:10F40000092903D9002BBCD00792BAE74243013443
:10F4100052180123F2E70733D5E705AB00933A0012
:10F42000124B2900300000E000BF0390039B013322
:10F43000CCD1BB895B0600D57BE70B987BE705AB9E
:10F4400000933A00094B2900300000F07FF8ECE708
:10F450000C0801004C0801002C080100EC07010019
:10F4600052080100560801000000000013F20000DD
:10F47000F7B5150001938A680B6900900C00934260
:10F4800000DA130022002B6043321278002A01D0E8
:10F4900001332B6023689B0602D52B6802332B6057
:10F4A000062723681F4027D0230043331B785A1EAA
:10F4B00093412268920630D4220001994332009889
:10F4C000089EB047431C25D0062320682A68E168BF
:10F4D00003400025042B03D18D1AEB43DB171D409D
:10F4E000A3682269934201DD9B1AED180027BD42F3
:10F4F00020D1002010E00137E3682A689B1A9F4260
:10F50000D2DA22000123193201990098089EB047EF
:10F51000431CF0D101204042FEBD3020E1184331B0
:10F52000087021005A1C45310978A2184332023371
:10F530001170C1E7220001231A3201990098089E38
:10F54000B047431CE6D00137D1E70000F0B58BB0DF
:10F5500006920A0043320793059004920A7E0C003B
:10F56000109B6E2A00D18FE017D8632A2CD008D8C0
:10F57000002A00D199E0582A54D026004236327031
:10F5800029E0642A01D0692AF7D121681A6808069F
:10F5900023D5111D1960156825E0732A00D188E074
:10F5A00008D86F2A29D0702AE7D1202209680A4397
:10F5B000226003E0752A20D0782ADED1220078214B
:10F5C000453211706C4A30E00E001A684236111D47
:10F5D000196013683370012379E04906D9D5111DEC
:10F5E00019600023D55E002D03DA2D23049A6D42A5
:10F5F0001370624B0A2703932FE0206819680506F1
:10F6000003D5081D18600D6805E04006F9D50D68A2
:10F61000081D1860ADB2594B082703936F2A18D004
:10F620000A2716E045310A70544A03921A68216885
:10F63000101D18601568080622D5CB0702D52023B7
:10F64000194321601027002D03D1202322689A43FB
:10F6500022602300002243331A706368A360002BEA
:10F660005CDB0422216891432160002D58D1049E67
:10F67000002B64D02600039B42361B7833705EE07B
:10F680004806DAD5ADB2D8E709681A68080605D584
:10F69000111D1960136862691A6006E04906F7D502
:10F6A000111D19601368A28A1A800023049E236129
:10F6B00054E01A68111D1960166800216268300054
:10F6C00000F01AF9002801D0801B60606368236194
:10F6D0000023049A137041E02369320006990598CB
:10F6E000079DA847431C43D0236800259B070FD4E0
:10F6F000099BE06898423DDA18003BE022000123B4
:10F70000193206990598079EB047431C30D0013541
:10F71000E368099A9B1A9D42F0DBE9E7002DA9D026
:10F72000049E28003900FCF78FFB039B013E5B5CC5
:10F73000280033703900FCF701FB051EF1D1082FBA
:10F7400009D12368DB0706D563682269934202DC8E
:10F750003023013E3370049B9B1B2361079B09AA46
:10F7600000932100069B0598FFF782FE431CB3D14E
:10F77000012040420BB0F0BD6E0801005D080100A1
:10F78000002370B5064C050008002360F3F7B6F9B6
:10F79000431C03D12368002B00D02B6070BDC046F2
:10F7A0001018002070B50C000E25495F00F0EAF833
:10F7B000002803DB636D1B18636570BDA389024AD3
:10F7C0001340A381F9E7C046FFEFFFFFF8B51F0024
:10F7D0008B8905000C001600DB0505D50E23C95EDC
:10F7E0000022022300F074F8A389054A2800134080
:10F7F000A38132000E23E15E3B0000F01FF8F8BD4C
:10F80000FFEFFFFF70B50C000E25495F00F060F8B8
:10F81000A389421C03D1054A1340A38170BD8022F5
:10F8200052011343A3816065F8E7C046FFEFFFFF75
:10F8300010B50E23C95E00F015F810BD70B50500B7
:10F84000080011000022064C22601A00F3F72EF97E
:10F85000431C03D12368002B00D02B6070BDC04631
:10F8600010180020002370B5064C05000800236026
:10F87000F3F756F9431C03D12368002B00D02B600B
:10F8800070BDC04610180020002370B5064C05005E
:10F89000080011002360F3F746F9431C03D12368E5
:10F8A000002B00D02B6070BD10180020002370B515
:10F8B000064C050008002360F3F73AF9431C03D116
:10F8C0002368002B00D02B6070BDC04610180020AC
:10F8D00070B50500080011000022064C22601A00D5
:10F8E000F3F728F9431C03D12368002B00D02B60C9
:10F8F00070BDC04610180020C9B28218904201D1D4
:10F900000020704703788B42FBD00130F6E710B53A
:10F91000884202D98B18984208D300239A4207D014
:10F92000CC5CC4540133F9E78B5C8354013AFBD2BD
:10F9300010BD70477047F8B507000D00160000298C
:10F9400005D11100FFF78CFA04002000F8BD002A51
:10F9500003D1FFF73BFA3400F7E700F027F82C005B
:10F960008642F2D931003800FFF77AFA041EECD053
:10F9700029003200FEF712FC29003800FFF726FAB2
:10F98000E3E7000070B50500080011000022064CF6
:10F9900022601A00F3F768F8431C03D12368002B98
:10F9A00000D02B6070BDC046101800200B1F1B68D4
:10F9B000181F002B01DA0B58C018704734070000DD
:10F9C00034070000020700003407000002070000AF
:10F9D000E8060000E80600003407000034070000D5
:10F9E000340700003407000034070000340700002B
:10F9F000340700003407000034070000340700001B
:10FA0000340700003407000034070000340700000A
:10FA100034070000340700003407000034070000FA
:10FA2000340700000207000034070000020700004E
:10FA300034070000340700003407000034070000DA
:10FA400034070000340700003407000034070000CA
:10FA500034070000340700003407000034070000BA
:10FA600034070000340700003407000034070000AA
:10FA7000340700003407000034070000340700009A
:10FA8000340700003407000034070000340700008A
:10FA9000340700003407000034070000340700007A
:10FAA000340700003407000034070000340700006A
:10FAB000340700003407000034070000020700008C
:10FAC000020700000A0700000A0700000A070000FA
:10FAD0000A07000000000042000400420008004243
:10FAE000000C004200100042000400438A1C000089
:10FAF000861C0000861C0000EC1C0000EC1C0000B2
:10FB0000A01C0000901C0000A61C0000DA1C0000D5
:10FB1000901E0000701E0000701E00000A1F0000F2
:10FB2000821E00009E1E0000741E0000AC1E00001D
:10FB3000EE1E0000481F00008A1F00008A1F000000
:10FB40008A1F00003A1F0000561F00002C1F0000F3
:10FB5000641F00007A1F000006270000FC27000039
:10FB600006280000102800001A2800004C28000079
:10FB700056280000602800006A2800007428000051
:10FB8000002000420024004200280042002C0042D5
:10FB90000008004302000000000100000200000015
:10FBA000000200000200000000040000020000004B
:10FBB0000008000003000000040000000D0A4C6172
:10FBC00073742072657365742063617573653A2080
:10FBD0000000000053797374656D2052657365747D
:10FBE00020526571756573740D0000005761746370
:10FBF00068646F672052657365740D00457874659D
:10FC0000726E616C2052657365740D0042726F777D
:10FC10006E204F7574203333204465746563746FB0
:10FC2000722052657365740D0000000042726F7798
:10FC30006E204F7574203132204465746563746F93
:10FC4000722052657365740D00000000506F776577
:10FC5000722D4F6E2052657365740D004C6F5261AA
:10FC600057414E20537461636B2055500D000000C6
:10FC7000574C52303839205870726F004D4C535FDA
:10FC800053444B5F315F305F505F35004D617220F0
:10FC9000203520323032340031343A35333A35347D
:10FCA00000000000696E76616C69645F706172616A
:10FCB0006D000000B83B0000363B0000723A0000C7
:10FCC000B83B0000EE3A0000B83B0000B83B000033
:10FCD000B83B0000AC3B0000B83B0000B83B000064
:10FCE000B83B0000B83B0000B83B0000B83B000048
:10FCF000B83B0000363B0000B83B0000B83B0000BA
:10FD0000B83B0000B83B0000B83B0000B83B000027
:10FD1000B83B0000B83B0000B83B0000B83B000017
:10FD2000B83B0000B83B0000B83B0000B83B000007
:10FD3000B83B0000B43B0000726164696F5F747887
:10FD40005F6F6B00726164696F5F63685F62757398
:10FD500079000000546F74616C207061636B65748E
:10FD60003A2025642C53656E743A2025642C436830
:10FD7000616E6E656C20627573793A2025640000AF
:10FD8000726164696F5F62757379000054785F74A3
:10FD9000696D656F75743A2025640000726164694D
:10FDA0006F5F6E6F5F64617461000000556E65780F
:10FDB000706563746564204572726F722043616C74
:10FDC0006C6261636B3A0000726164696F5F7278A4
:10FDD000000000000A52656769737465722041640F
:10FDE00064726573733A20307825782056616C759B
:10FDF000653A20307825780A0D0000005261646968
:10FE00006F204572726F723A000000006F6B000045
:10FE100030300000D8FE0000DCFE0000E0FE0000F4
:10FE2000E8FE0000F0FE0000F8FE0000FCFE00000E
:10FE30000000000000FF000004FF000008FF0000B9
:10FE40000CFF000010FF000018FF00001CFF000066
:10FE50000000000020FF000028FF000030FF00002D
:10FE600038FF000040FF000048FF00004CFF00008A
:10FE700050FF000058FF00005CFF000060FF000022
:10FE8000DCFE0000D8FE000074FF000064FF0000EC
:10FE900068FF00006CFF000070FF00008CFF000096
:10FEA00090FF000094FF000098FF0000A0FF0000FA
:10FEB000A8FF000078FF00007CFF000080FF00002A
:10FEC00084FF00000CFE0000A4FC0000B0FF000056
:10FED000B4FF0000BCFF0000323530003132350085
:10FEE00036322E350000000033312E330000000082
:10FEF00031352E3600000000372E3800332E390001
:10FF00003230300031303000353000003235000002
:10FF100031322E3500000000362E3300332E3100F2
:10FF20003136362E3700000038332E330000000003
:10FF300034312E370000000032302E38000000002F
:10FF400031302E3400000000352E3200322E3600C3
:10FF50006E6F6E6500000000312E3000302E3500CF
:10FF6000302E3300342F3500342F3600342F370035
:10FF7000342F3800353030006F6666006F6E000039
:10FF800066736B006C6F726100000000736637006F
:10FF90007366380073663900736631300000000004
:10FFA00073663131000000007366313200000000DA
:10FFB000657272006275737900000000696E766187
:10FFC0006C69645F7265717565737400020000008E
:10FFD00030030100E0020100000000000400000006
:10FFE00034030100F0FF00000000000006000000E4
:10FFF0003C030100B00101000000000013000000FC
:020000021000EC
:100000004003010050000100000000001600000045
:1000100044030100000000008939000000020000D4
:1000200048030100000000002D3C0000000100001A
:100030004C03010000000000753C000000000000BF
:100040005403010000000000053900000001000019
:1000500058030100000000003133000000000000E0
:1000600060030100000000002D34000000000000CB
:100070006403010000000000C5340000000000001F
:1000800068030100000000005D3600000000000071
:100090006C03010000000000C536000000000000F5
:1000A0007003010000000000ED37000000000000B8
:1000B0007403010000000000593800000000000037
:1000C0007803010000000000D538000000000000A7
:1000D0008003010000000000F13C0000000000006F
:1000E0008803010000000000813D000000000000C6
:1000F0008C03010000000000193E00000000000019
:100100009003010000000000B13E0000000000006C
:100110009803010000000000493F000000000000BB
:10012000A003010000000000C13F0000000000002B
:10013000A403010000000000D54000000000000002
:10014000AC03010000000000354100000000000089
:10015000B4030100000000000141000000000000A5
:10016000B803010000000000FD4200000001000093
:10017000BC03010000000000ED3F00000002000091
:10018000C403010000000000493500000000000029
:10019000C8030100000000002D370000000000002F
:1001A000CC030100000000005537000000000000F3
:1001B0005803010000000000E132000000010000CF
:1001C00060030100000000005D330000000100003A
:1001D0006403010000000000613400000001000021
:1001E0006803010000000000F1350000000100007C
:1001F0006C030100000000008536000000010000D3
:1002000070030100000000008937000000010000B9
:100210007403010000000000193800000001000014
:100220007803010000000000813800000001000098
:100230008003010000000000A13C0000000100005C
:1002400088030100000000001D3D000000010000C7
:100250008C03010000000000AD3D00000001000023
:100260009003010000000000413E0000000100007A
:100270009803010000000000D93E000000010000CA
:10028000A003010000000000713F00000001000019
:10029000A4030100000000007D40000000010000F8
:1002A000AC030100000000009141000000010000CB
:1002B000B8030100000000005542000000020000E9
:1002C000C403010000000000F1340000000400003D
:1002D000C803010000000000ED360000000100002E
:1002E000D4030100000000001944000000000000D9
:1002F000E403010000000000FD43000000000000D6
:100300004003010020030100000000000100000084
:10031000EC030100000000003D440000000200006A
:10032000F403010000000000E543000000000000AD
:1003300073797300726164696F0000007365740003
:1003400067657400747800007278000072787374C6
:100350006F70000063770000667265710000000036
:1003600070777200736600006D6F640063726300E3
:10037000627700006971690070726C656E00000040
:10038000666465760000000063720000627400001D
:100390006166636277000000727862770000000097
:1003A00077647400626974726174650073796E6356
:1003B00000000000736E720072656700726567640A
:1003C000756D70006C62740070610000706B747207
:1003D00073736900666163746F7279524553455453
:1003E000000000007265736574000000736C656541
:1003F00070000000766572007374616E646279004B
:100400006261636B757000000A45786974696E6794
:1004100020536C6565700A0D000000000A736C655E
:1004200065705F6F6B20256C64206D730A0D000092
:100430000D0A0000D8B9D119D8B9D11901010CFFA2
:1004400018C7D41918C7D41901010CFF58D4D719EB
:1004500058D4D71901010CFFA027BE33A027BE3303
:10046000010110FFE034C133E034C133010110FF5A
:100470002042C4332042C433010110FF0150015017
:10048000015000000150015001500000E8036400D9
:100490006400E8030A006400400ECF198085EA1961
:1004A00000000000C055703340DA8E3300000000B9
:1004B00041DA8E3300A1BC330000000001A1BC333F
:1004C000C0C8C53300000000604FC73380F0CE3392
:1004D00000000000C0FDD13350CED5330000000035
:1004E000A091D6338025DB330000000000EA0637F8
:1004F00000EA0637010110FF40F7093740F70937D6
:10050000010110FF0150015064000A000016D636A8
:10051000C0A7F7360000000000B5FA3600285037B3
:10052000000000002021F6362021F63600010EFFE3
:10053000602EF936602EF93600010EFFA03BFC3626
:10054000A03BFC3600010EFF01500150015000009D
:10055000D1680000797D00008D730000655F0000A8
:10056000B92F000011121314150000005172000081
:100570006571000015730000FD000000F98900009E
:10058000F98A00003D880000118000006DBA00006B
:10059000C194C10102010203020101020000010035
:1005A0000002020002080A0C0D0E10121415181A8F
:1005B0001B1D1E212400000088C8000058C8000030
:1005C0006AC80000ACC700006AC800004EC800003E
:1005D0006AC80000ACC7000058C8000058C8000036
:1005E0004EC80000ACC70000B4C70000B4C700008C
:1005F000B4C7000070C8000058C8000058C8000008
:100600002CC8000010C900002CC800004EC8000013
:100610002CC8000010C9000058C8000058C80000CD
:100620004EC8000010C90000B4C70000B4C70000E5
:10063000B4C700001AC9000008CC000058CB000065
:1006400058CB000056CB0000FACB0000FACB0000DC
:10065000F0CB000056CB0000FACB0000F0CB00003E
:10066000FACB000056CB000000CC000000CC00000C
:1006700000CC000090CC0000B0D5000070D4000089
:1006800070D400006CD4000088D5000088D500002C
:100690007AD500006CD4000088D500007AD500001F
:1006A00088D500006CD4000090D5000090D50000E3
:1006B00090D5000094D70000140000204300504F54
:1006C000534958002E0030313233343536373839FB
:1006D0006162636465666768696A6B6C6D6E6F7092
:1006E0007172737475767778797A000020202020F3
:1006F00020202020202828282828202020202020D2
:1007000020202020202020202020202088101010B1
:100710001010101010101010101010100404040409
:10072000040404040404101010101010104141417E
:1007300041414101010101010101010101010101E9
:10074000010101010101011010101010104242427C
:1007500042424202020202020202020202020202B9
:10076000020202020202021010101020000000001B
:100770000000000000000000000000000000000079
:100780000000000000000000000000000000000069
:100790000000000000000000000000000000000059
:1007A0000000000000000000000000000000000049
:1007B0000000000000000000000000000000000039
:1007C0000000000000000000000000000000000029
:1007D0000000000000000000000000000000000019
:1007E0000000000000000000000000000000000009
:1007F00000000000000000000000000000000000F9
:1008000000000000000000000000000000000000E8
:1008100000000000000000000000000000000000D8
:1008200000000000000000000000000000000000C8
:1008300000000000000000000000000000000000B8
:10084000000000000000000000000000232D302BFD
:100850002000686C4C0065666745464700303132C1
:100860003334353637383941424344454600303118
:100870003233343536373839616263646566000077
:10088000F8B5C046F8BC08BC9E467047DD000000C5
:10089000F8B5C046F8BC08BC9E467047B5000000DD
:0808A000B8B9FF7F0100000060
:1008A800401F00000800000001000000D0FF000009
:1008B80014000020000000000C0801002C080100B2
:1008C800EC0701000000000000000000000000002C
:1008D8000000000000000000000000000000000010
:1008E8000000000000000000000000000000000000
:1008F80000000000000000000000000000000000F0
:1009080000000000000000000000000000000000DF
:10091800000000004300000000000000000000008C
:1009280000000000000000000000000000000000BF
:10093800000000004300000000000000000000006C
:10094800000000000000000000000000000000009F
:10095800000000004300000000000000000000004C
:10096800000000000000000000000000000000007F
:10097800000000004300000000000000000000002C
:10098800000000000000000000000000000000005F
:10099800000000004300000000000000000000000C
:1009A800000000000000000000000000000000003F
:1009B80000000000430000000000000000000000EC
:1009C800000000000000000000000000000000001F
:1009D80000000000430000000000000000000000CC
:1009E80000000000000000000000000000000000FF
:1009F80000000000C1E8000079E1000000000000EC
:100A0800EB060100C406010051080100510801006D
:100A18005108010051080100510801005108010066
:100A2800510801005108010051080100FFFFFFFFB4
:100A3800FFFFFFFFFFFFFFFFFFFF00000100415323
:100A480043494900000000000000000000000000C9
:100A580000000000000000000000000000004153FA
:100A680043494900000000000000000000000000A9
:100A7800000000000000000000000000000000006E
:04000003000029D1FF
:00000001FF
